tt0035423,movie,Kate & Leopold,Kate & Leopold,0,2001,\N,118,0,0,0,0,1,0,0,0,0,1,0,0,0,0,0,1,0,0,0,0,0,48000000.0,2562448.0
tt0118589,movie,Glitter,Glitter,0,2001,\N,104,0,0,0,0,0,0,0,1,0,0,0,0,1,0,0,1,0,0,0,0,0,22000000.0,2414596.0
tt0120467,movie,Vulgar,Vulgar,0,2000,\N,87,0,0,0,0,0,1,0,1,0,0,0,0,0,0,0,0,0,0,1,0,0,120000.0,9377.0
tt0120630,movie,Chicken Run,Chicken Run,0,2000,\N,84,0,1,1,0,1,0,0,0,0,0,0,0,0,0,0,0,0,0,0,0,0,45000000.0,17506162.0
tt0120667,movie,Fantastic Four,Fantastic Four,0,2005,\N,106,1,1,0,0,0,0,0,0,1,0,0,0,0,0,0,0,0,0,0,0,0,100000000.0,56061504.0
tt0120679,movie,Frida,Frida,0,2002,\N,123,0,0,0,1,0,0,0,1,0,0,0,0,0,0,0,1,0,0,0,0,0,12000000.0,205996.0
tt0120681,movie,From Hell,From Hell,0,2001,\N,122,0,0,0,0,0,0,0,0,0,0,0,1,0,0,1,0,0,0,1,0,0,35000000.0,11014818.0
tt0120737,movie,The Lord of the Rings: The Fellowship of the Ring,The Lord of the Rings: The Fellowship of the Ring,0,2001,\N,178,0,1,0,0,0,0,0,1,0,1,0,0,0,0,0,0,0,0,0,0,0,93000000.0,66114741.0
tt0120753,movie,The Million Dollar Hotel,The Million Dollar Hotel,0,2000,\N,122,0,0,0,0,0,0,0,1,0,0,0,0,0,0,1,0,0,0,1,0,0,8000000.0,29483.0
tt0120755,movie,Mission: Impossible II,Mission: Impossible II,0,2000,\N,123,1,1,0,0,0,0,0,0,0,0,0,0,0,0,0,0,0,0,1,0,0,125000000.0,57845297.0
tt0120804,movie,Resident Evil,Resident Evil,0,2002,\N,100,1,0,0,0,0,0,0,0,0,0,0,1,0,0,0,0,1,0,0,0,0,33000000.0,17707106.0
tt0120824,movie,The Shipping News,The Shipping News,0,2001,\N,111,0,0,0,0,0,0,0,1,0,0,0,0,0,0,0,0,0,0,0,0,0,35000000.0,318502.0
tt0120903,movie,X-Men,X-Men,0,2000,\N,104,1,1,0,0,0,0,0,0,0,0,0,0,0,0,0,0,1,0,0,0,0,75000000.0,54471475.0
tt0120912,movie,Men in Black II,Men in Black II,0,2002,\N,88,1,1,0,0,1,0,0,0,0,0,0,0,0,0,0,0,0,0,0,0,0,140000000.0,52148751.0
tt0120913,movie,Titan A.E.,Titan A.E.,0,2000,\N,94,1,1,1,0,0,0,0,0,0,0,0,0,0,0,0,0,0,0,0,0,0,75000000.0,9376845.0
tt0120917,movie,The Emperor's New Groove,The Emperor's New Groove,0,2000,\N,78,0,1,1,0,1,0,0,0,0,0,0,0,0,0,0,0,0,0,0,0,0,100000000.0,9812302.0
tt0121164,movie,Corpse Bride,Corpse Bride,0,2005,\N,77,0,0,1,0,0,0,0,1,1,0,0,0,0,0,0,0,0,0,0,0,0,40000000.0,385078.0
tt0121765,movie,Star Wars: Episode II - Attack of the Clones,Star Wars: Episode II - Attack of the Clones,0,2002,\N,142,1,1,0,0,0,0,0,0,0,1,0,0,0,0,0,0,0,0,0,0,0,115000000.0,80027814.0
tt0121766,movie,Star Wars: Episode III - Revenge of the Sith,Star Wars: Episode III - Revenge of the Sith,0,2005,\N,140,1,1,0,0,0,0,0,0,0,1,0,0,0,0,0,0,0,0,0,0,0,113000000.0,108435841.0
tt0122459,movie,Return to Me,Return to Me,0,2000,\N,115,0,0,0,0,1,0,0,1,0,0,0,0,0,0,0,1,0,0,0,0,0,24000000.0,7820836.0
tt0125022,movie,Heartbreakers,Heartbreakers,0,2001,\N,123,0,0,0,0,1,1,0,0,0,0,0,0,0,0,0,1,0,0,0,0,0,35000000.0,11801323.0
tt0126029,movie,Shrek,Shrek,0,2001,\N,90,0,1,1,0,1,0,0,0,0,0,0,0,0,0,0,0,0,0,0,0,0,60000000.0,42347760.0
tt0127349,movie,Waking the Dead,Waking the Dead,0,2000,\N,105,0,0,0,0,0,0,0,1,0,0,0,0,0,0,1,1,0,0,0,0,0,8500000.0,150422.0
tt0130623,movie,Dinosaur,Dinosaur,0,2000,\N,82,0,1,1,0,0,0,0,0,1,0,0,0,0,0,0,0,0,0,0,0,0,127500000.0,38854851.0
tt0132245,movie,Driven,Driven,0,2001,\N,116,1,0,0,0,0,0,0,1,0,0,0,0,0,0,0,0,0,1,0,0,0,94000000.0,12174504.0
tt0133152,movie,Planet of the Apes,Planet of the Apes,0,2001,\N,119,1,1,0,0,0,0,0,0,0,0,0,0,0,0,0,0,1,0,0,0,0,100000000.0,68532960.0
tt0133240,movie,Treasure Planet,Treasure Planet,0,2002,\N,95,0,1,1,0,0,0,0,0,1,0,0,0,0,0,0,0,0,0,0,0,0,140000000.0,12083248.0
tt0134084,movie,Scream 3,Scream 3,0,2000,\N,116,0,0,0,0,0,0,0,0,0,0,0,1,0,0,1,0,0,0,0,0,0,40000000.0,34713342.0
tt0134630,movie,Duets,Duets,0,2000,\N,112,0,0,0,0,1,0,0,1,0,0,0,0,1,0,0,0,0,0,0,0,0,15000000.0,2002588.0
tt0134847,movie,Pitch Black,Pitch Black,0,2000,\N,109,0,0,0,0,0,0,0,0,0,0,0,1,0,0,0,0,1,0,0,0,0,23000000.0,14015741.0
tt0134983,movie,Supernova,Supernova,0,2000,\N,90,0,0,0,0,0,0,0,0,0,0,0,1,0,0,0,0,1,0,1,0,0,90000000.0,6731940.0
tt0138524,movie,Intolerable Cruelty,Intolerable Cruelty,0,2003,\N,100,0,0,0,0,1,1,0,0,0,0,0,0,0,0,0,1,0,0,0,0,0,60000000.0,12525075.0
tt0138749,movie,The Road to El Dorado,The Road to El Dorado,0,2000,\N,89,0,1,1,0,1,0,0,0,0,0,0,0,0,0,0,0,0,0,0,0,0,95000000.0,12846652.0
tt0138946,movie,The Yards,The Yards,0,2000,\N,115,0,0,0,0,0,1,0,1,0,0,0,0,0,0,0,1,0,0,0,0,0,24000000.0,57339.0
tt0139654,movie,Training Day,Training Day,0,2001,\N,122,0,0,0,0,0,1,0,1,0,0,0,0,0,0,0,0,0,0,1,0,0,45000000.0,22550788.0
tt0141399,movie,Isn't She Great,Isn't She Great,0,2000,\N,95,0,0,0,1,1,0,0,0,0,0,0,0,0,0,0,1,0,0,0,0,0,44000000.0,1368705.0
tt0141907,movie,Town & Country,Town & Country,0,2001,\N,104,0,0,0,0,1,0,0,0,0,0,0,0,0,0,0,1,0,0,0,0,0,90000000.0,3029858.0
tt0141926,movie,U-571,U-571,0,2000,\N,116,1,0,0,0,0,0,0,0,0,0,0,0,0,0,0,0,0,0,0,1,0,62000000.0,19553310.0
tt0144084,movie,American Psycho,American Psycho,0,2000,\N,102,0,0,0,0,0,1,0,1,0,0,0,0,0,0,0,0,0,0,0,0,0,7000000.0,4961015.0
tt0144142,movie,Committed,Committed,0,2000,\N,98,0,0,0,0,1,0,0,1,0,0,0,0,0,0,0,0,0,0,0,0,0,3000000.0,11452.0
tt0144528,movie,Nutty Professor II: The Klumps,Nutty Professor II: The Klumps,0,2000,\N,106,0,0,0,0,1,0,0,0,0,0,0,0,0,0,0,1,1,0,0,0,0,84000000.0,42518830.0
tt0144964,movie,Highlander: Endgame,Highlander: Endgame,0,2000,\N,87,1,1,0,0,0,0,0,0,0,1,0,0,0,0,0,0,0,0,0,0,0,25000000.0,6223330.0
tt0145487,movie,Spider-Man,Spider-Man,0,2002,\N,121,1,1,0,0,0,0,0,0,0,0,0,0,0,0,0,0,0,0,0,0,0,139000000.0,114844116.0
tt0145937,movie,Naqoyqatsi,Naqoyqatsi,0,2002,\N,89,0,0,0,0,0,0,1,0,0,0,0,0,1,0,0,0,0,0,0,0,0,3000000.0,17154.0
tt0146309,movie,Thirteen Days,Thirteen Days,0,2000,\N,145,0,0,0,0,0,0,0,1,0,0,1,0,0,0,0,0,0,0,1,0,0,80000000.0,46668.0
tt0146316,movie,Lara Croft: Tomb Raider,Lara Croft: Tomb Raider,0,2001,\N,100,1,1,0,0,0,0,0,0,0,1,0,0,0,0,0,0,0,0,0,0,0,115000000.0,47735743.0
tt0146882,movie,High Fidelity,High Fidelity,0,2000,\N,113,0,0,0,0,1,0,0,1,0,0,0,0,1,0,0,0,0,0,0,0,0,30000000.0,6429107.0
tt0146984,movie,The Legend of Bagger Vance,The Legend of Bagger Vance,0,2000,\N,126,0,0,0,0,0,0,0,1,0,1,0,0,0,0,0,0,0,1,0,0,0,80000000.0,11516712.0
tt0149367,movie,Where the Money Is,Where the Money Is,0,2000,\N,89,0,0,0,0,1,1,0,1,0,0,0,0,0,0,0,0,0,0,0,0,0,28000000.0,2513530.0
tt0149624,movie,All the Pretty Horses,All the Pretty Horses,0,2000,\N,116,0,0,0,0,0,0,0,1,0,0,0,0,0,0,0,1,0,0,0,0,1,57000000.0,4860556.0
tt0151685,movie,Love,My Father's Love,0,2001,\N,110,0,0,0,0,0,0,0,1,0,0,0,0,0,0,0,0,0,0,0,0,0,1000000.0,55000.0
tt0156323,movie,Screwed,Screwed,0,2000,\N,81,0,0,0,0,1,1,0,0,0,0,0,0,0,0,0,0,0,0,0,0,0,10000000.0,3342085.0
tt0157472,movie,Clockstoppers,Clockstoppers,0,2002,\N,94,1,1,0,0,1,0,0,0,0,0,0,0,0,0,0,0,0,0,0,0,0,26000000.0,10108333.0
tt0158622,movie,The Flintstones in Viva Rock Vegas,The Flintstones in Viva Rock Vegas,0,2000,\N,90,0,0,0,0,1,0,0,0,1,0,0,0,0,0,0,1,0,0,0,0,0,83000000.0,10518435.0
tt0159273,movie,Behind Enemy Lines,Behind Enemy Lines,0,2001,\N,106,1,0,0,0,0,0,0,1,0,0,0,0,0,0,0,0,0,0,1,0,0,40000000.0,18736133.0
tt0159365,movie,Cold Mountain,Cold Mountain,0,2003,\N,154,0,1,0,0,0,0,0,1,0,0,1,0,0,0,0,0,0,0,0,0,0,79000000.0,14574213.0
tt0160009,movie,The Art of War,The Art of War,0,2000,\N,117,1,1,0,0,0,1,0,0,0,0,0,0,0,0,0,0,0,0,0,0,0,60000000.0,10410993.0
tt0160399,movie,Impostor,Impostor,0,2001,\N,95,0,0,0,0,0,0,0,1,0,0,0,0,0,0,1,0,1,0,0,0,0,40000000.0,3022523.0
tt0160484,movie,Lost Souls,Lost Souls,0,2000,\N,97,0,0,0,0,0,0,0,1,0,0,0,1,0,0,0,0,0,0,1,0,0,50000000.0,7954766.0
tt0160498,movie,Luminarias,Luminarias,0,2000,\N,100,0,0,0,0,1,0,0,0,0,0,0,0,0,0,0,1,0,0,0,0,0,1000000.0,122158.0
tt0160797,movie,Rules of Engagement,Rules of Engagement,0,2000,\N,128,0,0,0,0,0,0,0,1,0,0,0,0,0,0,0,0,0,0,1,1,0,60000000.0,15011181.0
tt0161083,movie,What's the Worst That Could Happen?,What's the Worst That Could Happen?,0,2001,\N,94,0,0,0,0,1,1,0,0,0,0,0,0,0,0,0,0,0,0,0,0,0,60000000.0,13049114.0
tt0162650,movie,Shaft,Shaft,0,2000,\N,99,1,0,0,0,0,1,0,0,0,0,0,0,0,0,0,0,0,0,1,0,0,46000000.0,21714757.0
tt0162838,movie,Three Days of Rain,Three Days of Rain,0,2002,\N,98,0,0,0,0,0,0,0,1,0,0,0,0,0,0,0,0,0,0,0,0,0,3500000.0,2841.0
tt0162983,movie,Hanging Up,Hanging Up,0,2000,\N,94,0,0,0,0,1,0,0,1,0,0,0,0,0,0,0,0,0,0,0,0,0,60000000.0,13567978.0
tt0163025,movie,Jurassic Park III,Jurassic Park III,0,2001,\N,92,1,1,0,0,0,0,0,0,0,0,0,0,0,0,0,0,1,0,0,0,0,93000000.0,50771645.0
tt0163676,movie,The In Crowd,The In Crowd,0,2000,\N,105,0,0,0,0,0,0,0,1,0,0,0,0,0,0,1,0,0,0,1,0,0,12500000.0,1505551.0
tt0163978,movie,The Beach,The Beach,0,2000,\N,119,0,1,0,0,0,0,0,1,0,0,0,0,0,0,0,1,0,0,0,0,0,50000000.0,15277921.0
tt0163983,movie,Bless the Child,Bless the Child,0,2000,\N,107,0,0,0,0,0,1,0,1,0,0,0,1,0,0,0,0,0,0,0,0,0,65000000.0,9413684.0
tt0164003,movie,City of Ghosts,City of Ghosts,0,2002,\N,116,0,0,0,0,0,1,0,1,0,0,0,0,0,0,0,0,0,0,1,0,0,17500000.0,30547.0
tt0164184,movie,The Sum of All Fears,The Sum of All Fears,0,2002,\N,124,1,0,0,0,0,0,0,1,0,0,0,0,0,0,0,0,0,0,1,0,0,68000000.0,31178526.0
tt0164212,movie,Under Suspicion,Under Suspicion,0,2000,\N,110,0,0,0,0,0,1,0,1,0,0,0,0,0,0,0,0,0,0,1,0,0,25000000.0,109863.0
tt0165929,movie,Romeo Must Die,Romeo Must Die,0,2000,\N,115,1,0,0,0,0,1,0,0,0,0,0,0,0,0,0,0,0,0,1,0,0,25000000.0,18014503.0
tt0165982,movie,Sinbad: Legend of the Seven Seas,Sinbad: Legend of the Seven Seas,0,2003,\N,86,0,1,1,0,1,0,0,0,0,0,0,0,0,0,0,0,0,0,0,0,0,60000000.0,6874477.0
tt0166276,movie,Monkeybone,Monkeybone,0,2001,\N,93,0,0,1,0,1,0,0,0,0,1,0,0,0,0,0,0,0,0,0,0,0,75000000.0,2685078.0
tt0166924,movie,Mulholland Dr.,Mulholland Dr.,0,2001,\N,147,0,0,0,0,0,0,0,1,0,0,0,0,0,0,1,0,0,0,1,0,0,15000000.0,960558.0
tt0167203,movie,I Dreamed of Africa,I Dreamed of Africa,0,2000,\N,114,0,1,0,0,0,0,0,1,0,0,0,0,0,0,0,1,0,0,0,0,0,50000000.0,2411445.0
tt0168446,movie,Aberdeen,Aberdeen,0,2000,\N,113,0,0,0,0,0,0,0,1,0,0,0,0,0,0,0,0,0,0,0,0,0,6500000.0,1963.0
tt0168786,movie,Antwone Fisher,Antwone Fisher,0,2002,\N,120,0,0,0,1,0,0,0,1,0,0,0,0,0,0,0,0,0,0,0,0,0,12500000.0,210013.0
tt0169102,movie,Lagaan: Once Upon a Time in India,Lagaan: Once Upon a Time in India,0,2001,\N,224,0,1,0,0,0,0,0,1,0,0,0,0,1,1,0,0,0,0,0,0,0,6000000.0,10736.0
tt0170016,movie,How the Grinch Stole Christmas,How the Grinch Stole Christmas,0,2000,\N,104,0,0,0,0,1,0,0,0,1,1,0,0,0,0,0,0,0,0,0,0,0,123000000.0,55082330.0
tt0170452,movie,Prince of Central Park,Prince of Central Park,0,2000,\N,109,1,1,0,0,0,0,0,1,0,0,0,0,0,0,0,0,0,0,0,0,0,7000000.0,5810.0
tt0170691,movie,Tigerland,Tigerland,0,2000,\N,101,0,0,0,0,0,0,0,1,0,0,0,0,0,0,0,0,0,0,0,1,0,10000000.0,26715.0
tt0171356,movie,Gun Shy,Gun Shy,0,2000,\N,101,0,0,0,0,1,1,0,0,0,0,0,0,0,0,0,1,0,0,0,0,0,10000000.0,703109.0
tt0171359,movie,Hamlet,Hamlet,0,2000,\N,112,0,0,0,0,0,0,0,1,0,0,0,0,0,0,0,1,0,0,1,0,0,2000000.0,62253.0
tt0171433,movie,Keeping the Faith,Keeping the Faith,0,2000,\N,128,0,0,0,0,1,0,0,1,0,0,0,0,0,0,0,1,0,0,0,0,0,29000000.0,8078671.0
tt0171580,movie,Nurse Betty,Nurse Betty,0,2000,\N,110,0,0,0,0,1,1,0,1,0,0,0,0,0,0,0,0,0,0,0,0,0,24000000.0,7145950.0
tt0173716,movie,Cecil B. DeMented,Cecil B. DeMented,0,2000,\N,87,0,0,0,0,1,1,0,0,0,0,0,0,0,0,0,0,0,0,1,0,0,10000000.0,127141.0
tt0174480,movie,Autumn in New York,Autumn in New York,0,2000,\N,103,0,0,0,0,0,0,0,1,0,0,0,0,0,0,0,1,0,0,0,0,0,65000000.0,10987006.0
tt0175142,movie,Scary Movie,Scary Movie,0,2000,\N,88,0,0,0,0,1,0,0,0,0,0,0,0,0,0,0,0,0,0,0,0,0,19000000.0,42346669.0
tt0176783,movie,Gossip,Gossip,0,2000,\N,90,0,0,0,0,0,0,0,1,0,0,0,0,0,0,1,0,0,0,1,0,0,24000000.0,2321729.0
tt0179098,movie,Moonlight Mile,Moonlight Mile,0,2002,\N,117,0,0,0,0,0,0,0,1,0,0,0,0,0,0,0,1,0,0,0,0,0,21000000.0,329771.0
tt0180052,movie,The Adventures of Pluto Nash,The Adventures of Pluto Nash,0,2002,\N,95,1,0,0,0,1,0,0,0,0,0,0,0,0,0,0,0,1,0,0,0,0,100000000.0,2182900.0
tt0180073,movie,Quills,Quills,0,2000,\N,124,0,0,0,1,0,0,0,1,0,0,0,0,0,0,0,0,0,0,0,0,0,13500000.0,249383.0
tt0180093,movie,Requiem for a Dream,Requiem for a Dream,0,2000,\N,102,0,0,0,0,0,0,0,1,0,0,0,0,0,0,0,0,0,0,0,0,0,4500000.0,64770.0
tt0181151,movie,What Planet Are You From?,What Planet Are You From?,0,2000,\N,105,0,0,0,0,1,0,0,0,0,0,0,0,0,0,0,0,1,0,0,0,0,60000000.0,3008746.0
tt0181536,movie,Finding Forrester,Finding Forrester,0,2000,\N,136,0,0,0,0,0,0,0,1,0,0,0,0,0,0,0,0,0,0,0,0,0,43000000.0,701207.0
tt0181739,movie,Osmosis Jones,Osmosis Jones,0,2001,\N,95,1,1,1,0,0,0,0,0,0,0,0,0,0,0,0,0,0,0,0,0,0,70000000.0,5271248.0
tt0181836,movie,The Specials,The Specials,0,2000,\N,82,1,0,0,0,1,0,0,0,0,1,0,0,0,0,0,0,0,0,0,0,0,1000000.0,10131.0
tt0181875,movie,Almost Famous,Almost Famous,0,2000,\N,122,0,1,0,0,1,0,0,1,0,0,0,0,0,0,0,0,0,0,0,0,0,60000000.0,2314646.0
tt0181984,movie,Boiler Room,Boiler Room,0,2000,\N,120,0,0,0,0,0,1,0,1,0,0,0,0,0,0,0,0,0,0,1,0,0,7000000.0,6722884.0
tt0182000,movie,The Caveman's Valentine,The Caveman's Valentine,0,2001,\N,105,0,0,0,0,0,1,0,1,0,0,0,0,1,0,0,0,0,0,0,0,0,13500000.0,112041.0
tt0183505,movie,"Me, Myself & Irene","Me, Myself & Irene",0,2000,\N,116,0,0,0,0,1,0,0,0,0,0,0,0,0,0,0,0,0,0,0,0,0,51000000.0,24209385.0
tt0183523,movie,Mission to Mars,Mission to Mars,0,2000,\N,114,0,1,0,0,0,0,0,0,0,0,0,0,0,0,0,0,1,0,1,0,0,100000000.0,22855247.0
tt0183649,movie,Phone Booth,Phone Booth,0,2002,\N,81,0,0,0,0,0,1,0,0,0,0,0,0,0,0,1,0,0,0,1,0,0,13000000.0,15021088.0
tt0184791,movie,O,O,0,2001,\N,95,0,0,0,0,0,0,0,1,0,0,0,0,0,0,0,1,0,0,1,0,0,5000000.0,6916625.0
tt0184894,movie,Shanghai Noon,Shanghai Noon,0,2000,\N,110,1,1,0,0,1,0,0,0,0,0,0,0,0,0,0,0,0,0,0,0,0,55000000.0,19647065.0
tt0184907,movie,Snow Day,Snow Day,0,2000,\N,89,0,1,0,0,1,0,0,0,1,0,0,0,0,0,0,0,0,0,0,0,0,13000000.0,14331819.0
tt0186566,movie,Space Cowboys,Space Cowboys,0,2000,\N,130,1,1,0,0,0,0,0,0,0,0,0,0,0,0,0,0,0,0,1,0,0,65000000.0,18093776.0
tt0186589,movie,Sugar & Spice,Sugar & Spice,0,2001,\N,81,0,0,0,0,1,1,0,0,0,0,0,0,0,0,0,0,0,0,0,0,0,11000000.0,5891176.0
tt0186894,movie,Bounce,Bounce,0,2000,\N,106,0,0,0,0,0,0,0,1,0,0,0,0,0,0,0,1,0,0,0,0,0,35000000.0,11423716.0
tt0187738,movie,Blade II,Blade II,0,2002,\N,117,1,0,0,0,0,0,0,0,0,0,0,1,0,0,0,0,1,0,0,0,0,54000000.0,32528016.0
tt0188453,movie,Birthday Girl,Birthday Girl,0,2001,\N,93,0,0,0,0,1,1,0,0,0,0,0,0,0,0,0,0,0,0,1,0,0,13000000.0,2370809.0
tt0189192,movie,Just Visiting,Just Visiting,0,2001,\N,88,0,0,0,0,1,0,0,0,0,1,0,0,0,0,0,0,1,0,0,0,0,35000000.0,2272489.0
tt0190374,movie,Dungeons & Dragons,Dungeons & Dragons,0,2000,\N,107,1,1,0,0,0,0,0,0,0,1,0,0,0,0,0,0,0,0,0,0,0,45000000.0,7237422.0
tt0191754,movie,28 Days,28 Days,0,2000,\N,103,0,0,0,0,1,0,0,1,0,0,0,0,0,0,0,0,0,0,0,0,0,43000000.0,10310672.0
tt0192111,movie,Head Over Heels,Head Over Heels,0,2001,\N,86,0,0,0,0,1,0,0,0,0,0,0,0,0,0,1,1,0,0,0,0,0,14000000.0,4804595.0
tt0193135,movie,Enemies of Laughter,Enemies of Laughter,0,2000,\N,90,0,0,0,0,1,0,0,0,0,0,0,0,0,0,0,1,0,0,0,0,0,2500000.0,35000.0
tt0196106,movie,MVP: Most Valuable Primate,MVP: Most Valuable Primate,0,2000,\N,93,0,0,0,0,1,0,0,0,1,0,0,0,0,0,0,0,0,1,0,0,0,4500000.0,202540.0
tt0196229,movie,Zoolander,Zoolander,0,2001,\N,90,0,0,0,0,1,0,0,0,0,0,0,0,0,0,0,0,0,0,0,0,0,28000000.0,15525043.0
tt0198386,movie,The Crew,The Crew,0,2000,\N,88,0,0,0,0,1,1,0,0,0,0,0,0,0,0,0,0,0,0,0,0,0,38000000.0,4051921.0
tt0198781,movie,"Monsters, Inc.","Monsters, Inc.",0,2001,\N,92,0,1,1,0,1,0,0,0,0,0,0,0,0,0,0,0,0,0,0,0,0,115000000.0,5040000.0
tt0199626,movie,In the Cut,In the Cut,0,2003,\N,119,0,0,0,0,0,0,0,0,0,0,0,0,0,0,1,0,0,0,1,0,0,12000000.0,97625.0
tt0199725,movie,Love & Basketball,Love & Basketball,0,2000,\N,124,0,0,0,0,0,0,0,1,0,0,0,0,0,0,0,1,0,1,0,0,0,20000000.0,8139180.0
tt0200530,movie,Chuck & Buck,Chuck & Buck,0,2000,\N,96,0,0,0,0,1,0,0,1,0,0,0,0,0,0,0,0,0,0,0,0,0,250000.0,72831.0
tt0200550,movie,Coyote Ugly,Coyote Ugly,0,2000,\N,100,0,0,0,0,1,0,0,1,0,0,0,0,1,0,0,0,0,0,0,0,0,45000000.0,17319282.0
tt0201485,movie,The Body,The Body,0,2001,\N,109,0,0,0,0,0,0,0,1,0,0,0,0,0,0,1,1,0,0,0,0,0,30000000.0,19988.0
tt0202402,movie,Whatever It Takes,Whatever It Takes,0,2000,\N,94,0,0,0,0,1,0,0,1,0,0,0,0,0,0,0,1,0,0,0,0,0,32000000.0,4104298.0
tt0202470,movie,Rock Star,Rock Star,0,2001,\N,105,0,0,0,0,0,0,0,1,0,0,0,0,1,0,0,0,0,0,0,0,0,57000000.0,6018636.0
tt0203289,movie,American Desi,American Desi,0,2001,\N,100,0,0,0,0,1,0,0,1,0,0,0,0,0,0,0,1,0,0,0,0,0,250000.0,305054.0
tt0204137,movie,Animal Factory,Animal Factory,0,2000,\N,94,0,0,0,0,0,1,0,1,0,0,0,0,0,0,0,0,0,0,0,0,0,3600000.0,5746.0
tt0204175,movie,Boys and Girls,Boys and Girls,0,2000,\N,94,0,0,0,0,1,0,0,1,0,0,0,0,0,0,0,1,0,0,0,0,0,35000000.0,7008950.0
tt0204350,movie,Poor White Trash,Poor White Trash,0,2000,\N,85,0,0,0,0,1,1,0,0,0,0,0,0,0,0,0,0,0,0,0,0,0,1200000.0,1813.0
tt0205271,movie,Dr. T & the Women,Dr. T & the Women,0,2000,\N,122,0,0,0,0,1,0,0,1,0,0,0,0,0,0,0,1,0,0,0,0,0,23000000.0,5012867.0
tt0206275,movie,Save the Last Dance,Save the Last Dance,0,2001,\N,112,0,0,0,0,0,0,0,1,0,0,0,0,1,0,0,1,0,0,0,0,0,13000000.0,27526443.0
tt0206314,movie,Joy Ride,Joy Ride,0,2001,\N,97,0,0,0,0,0,0,0,0,0,0,0,0,0,0,1,0,0,0,1,0,0,23000000.0,7347259.0
tt0206634,movie,Children of Men,Children of Men,0,2006,\N,109,0,0,0,0,0,0,0,1,0,0,0,0,0,0,0,0,1,0,1,0,0,76000000.0,179268.0
tt0208003,movie,Big Momma's House,Big Momma's House,0,2000,\N,99,1,0,0,0,1,1,0,0,0,0,0,0,0,0,0,0,0,0,0,0,0,30000000.0,25661041.0
tt0210075,movie,Girlfight,Girlfight,0,2000,\N,110,0,0,0,0,0,0,0,1,0,0,0,0,0,0,0,0,0,1,0,0,0,1000000.0,197896.0
tt0210382,movie,The Weight of Water,The Weight of Water,0,2000,\N,113,0,0,0,0,0,1,0,1,0,0,0,0,0,0,1,0,0,0,0,0,0,16000000.0,45888.0
tt0211181,movie,102 Dalmatians,102 Dalmatians,0,2000,\N,100,0,1,0,0,1,0,0,0,1,0,0,0,0,0,0,0,0,0,0,0,0,85000000.0,19883351.0
tt0215750,movie,Enemy at the Gates,Enemy at the Gates,0,2001,\N,131,0,0,0,0,0,0,0,1,0,0,1,0,0,0,0,0,0,0,0,1,0,68000000.0,13810266.0
tt0216216,movie,The 6th Day,The 6th Day,0,2000,\N,123,1,0,0,0,0,0,0,0,0,0,0,0,0,0,1,0,1,0,0,0,0,82000000.0,13020883.0
tt0217630,movie,Loser,Loser,0,2000,\N,98,0,0,0,0,1,0,0,0,0,0,0,0,0,0,0,1,0,0,0,0,0,20000000.0,6008611.0
tt0219699,movie,The Gift,The Gift,0,2000,\N,112,0,0,0,0,0,0,0,1,0,1,0,1,0,0,0,0,0,0,0,0,0,10000000.0,11827.0
tt0219854,movie,The Kid,The Kid,0,2000,\N,104,0,0,0,0,1,0,0,0,1,1,0,0,0,0,0,0,0,0,0,0,0,65000000.0,12687726.0
tt0222851,movie,Brother,Brother,0,2000,\N,114,0,0,0,0,0,1,0,1,0,0,0,0,0,0,0,0,0,0,1,0,0,10000000.0,60029.0
tt0223897,movie,Pay It Forward,Pay It Forward,0,2000,\N,123,0,0,0,0,0,0,0,1,0,0,0,0,0,0,0,0,0,0,0,0,0,40000000.0,9631359.0
tt0226935,movie,Chelsea Walls,Chelsea Walls,0,2001,\N,109,0,0,0,0,0,0,0,1,0,0,0,0,0,0,0,0,0,0,0,0,0,100000.0,10003.0
tt0228333,movie,Ghosts of Mars,Ghosts of Mars,0,2001,\N,98,1,0,0,0,0,0,0,0,0,0,0,1,0,0,0,0,1,0,0,0,0,28000000.0,3804452.0
tt0228750,movie,Proof of Life,Proof of Life,0,2000,\N,135,1,0,0,0,0,0,0,1,0,0,0,0,0,0,0,0,0,0,1,0,0,65000000.0,10207869.0
tt0229260,movie,Book of Shadows: Blair Witch 2,Book of Shadows: Blair Witch 2,0,2000,\N,90,0,1,0,0,0,0,0,0,0,1,0,1,0,0,0,0,0,0,0,0,0,15000000.0,13223887.0
tt0230030,movie,Bedazzled,Bedazzled,0,2000,\N,93,0,0,0,0,1,0,0,0,0,1,0,0,0,0,0,0,0,0,0,0,0,48000000.0,13106526.0
tt0232500,movie,The Fast and the Furious,The Fast and the Furious,0,2001,\N,106,1,0,0,0,0,1,0,0,0,0,0,0,0,0,0,0,0,0,1,0,0,38000000.0,40089015.0
tt0234354,movie,Novocaine,Novocaine,0,2001,\N,95,0,0,0,0,1,1,0,1,0,0,0,0,0,0,0,0,0,0,0,0,0,6000000.0,418098.0
tt0234829,movie,Summer Catch,Summer Catch,0,2001,\N,108,0,0,0,0,1,0,0,1,0,0,0,0,0,0,0,1,0,0,0,0,0,34000000.0,7018593.0
tt0237706,movie,The Sculptress,The Sculptress,0,2000,\N,101,0,0,0,0,0,0,0,0,0,0,0,1,0,0,0,0,0,0,1,0,0,3000000.0,6716.0
tt0238546,movie,Queen of the Damned,Queen of the Damned,0,2002,\N,101,0,0,0,0,0,0,0,1,0,1,0,1,0,0,0,0,0,0,0,0,0,35000000.0,14757535.0
tt0239949,movie,Say It Isn't So,Say It Isn't So,0,2001,\N,95,0,0,0,0,1,0,0,0,0,0,0,0,0,0,0,1,0,0,0,0,0,25000000.0,2861903.0
tt0240900,movie,Slackers,Slackers,0,2002,\N,86,0,0,0,0,1,0,0,0,0,0,0,0,0,0,0,1,0,0,0,0,0,11000000.0,2785283.0
tt0243415,movie,Mercy Streets,Mercy Streets,0,2000,\N,106,1,0,0,0,0,1,0,1,0,0,0,0,0,0,0,0,0,0,0,0,0,600000.0,2347.0
tt0243655,movie,Wet Hot American Summer,Wet Hot American Summer,0,2001,\N,97,0,0,0,0,1,0,0,0,0,0,0,0,0,0,0,1,0,0,0,0,0,5000000.0,17481.0
tt0243736,movie,40 Days and 40 Nights,40 Days and 40 Nights,0,2002,\N,96,0,0,0,0,1,0,0,0,0,0,0,0,0,0,0,1,0,0,0,0,0,17000000.0,12229529.0
tt0244479,movie,Dark Blue World,Tmavomodrý svet,0,2001,\N,112,1,0,0,0,0,0,0,1,0,0,0,0,0,0,0,1,0,0,0,0,0,5000000.0,10634.0
tt0244970,movie,Someone Like You...,Someone Like You...,0,2001,\N,97,0,0,0,0,1,0,0,0,0,0,0,0,0,0,0,1,0,0,0,0,0,23000000.0,10010600.0
tt0245046,movie,Charlotte Gray,Charlotte Gray,0,2001,\N,121,0,0,0,0,0,0,0,1,0,0,0,0,0,0,0,1,0,0,1,0,0,20000000.0,37258.0
tt0245686,movie,Joe Dirt,Joe Dirt,0,2001,\N,91,0,1,0,0,1,0,0,1,0,0,0,0,0,0,0,0,0,0,0,0,0,17700000.0,8016008.0
tt0245803,movie,Bulletproof Monk,Bulletproof Monk,0,2003,\N,104,1,0,0,0,1,0,0,0,0,1,0,0,0,0,0,0,0,0,0,0,0,52000000.0,8653542.0
tt0245844,movie,The Count of Monte Cristo,The Count of Monte Cristo,0,2002,\N,131,1,1,0,0,0,0,0,1,0,0,0,0,0,0,0,0,0,0,0,0,0,35000000.0,11376150.0
tt0246989,movie,Tomcats,Tomcats,0,2001,\N,95,0,0,0,0,1,0,0,0,0,0,0,0,0,0,0,0,0,0,0,0,0,11000000.0,6406076.0
tt0248667,movie,Ali,Ali,0,2001,\N,157,0,0,0,1,0,0,0,1,0,0,0,0,0,0,0,0,0,1,0,0,0,107000000.0,10216625.0
tt0249478,movie,Domestic Disturbance,Domestic Disturbance,0,2001,\N,89,0,0,0,0,0,1,0,0,0,0,0,0,0,0,1,0,0,0,1,0,0,75000000.0,14033112.0
tt0253474,movie,The Pianist,The Pianist,0,2002,\N,150,0,0,0,1,0,0,0,1,0,0,0,0,1,0,0,0,0,0,0,0,0,35000000.0,2456117.0
tt0255589,movie,The Isle,Seom,0,2000,\N,90,0,0,0,0,0,0,0,1,0,0,0,0,0,0,0,0,0,0,1,0,0,1000000.0,4546.0
tt0259324,movie,Ghost Rider,Ghost Rider,0,2007,\N,114,1,0,0,0,0,0,0,0,0,1,0,1,0,0,0,0,0,0,0,0,0,110000000.0,52022908.0
tt0259711,movie,Vanilla Sky,Vanilla Sky,0,2001,\N,136,0,0,0,0,0,0,0,0,0,1,0,0,0,0,1,1,0,0,0,0,0,68000000.0,25015518.0
tt0259974,movie,Digimon: The Movie,Digimon: The Movie,0,2000,\N,82,1,1,1,0,0,0,0,0,0,0,0,0,0,0,0,0,0,0,0,0,0,5000000.0,4233304.0
tt0260414,movie,Taking Sides,Taking Sides,0,2001,\N,108,0,0,0,0,0,0,0,1,0,0,0,0,1,0,0,0,0,0,0,1,0,20000000.0,22051.0
tt0261289,movie,Serving Sara,Serving Sara,0,2002,\N,99,0,0,0,0,1,0,0,0,0,0,0,0,0,0,0,1,0,0,0,0,0,29000000.0,5758236.0
tt0261755,movie,Jackpot,Jackpot,0,2001,\N,97,0,0,0,0,1,0,0,1,0,0,0,0,0,0,0,0,0,0,0,0,0,480000.0,806.0
tt0261983,movie,Session 9,Session 9,0,2001,\N,100,0,0,0,0,0,0,0,0,0,0,0,1,0,0,1,0,0,0,0,0,0,1500000.0,76493.0
tt0262396,movie,Empire,Empire,0,2002,\N,90,0,0,0,0,0,1,0,1,0,0,0,0,0,0,0,0,0,0,1,0,0,3500000.0,6281415.0
tt0263728,movie,Megiddo: The Omega Code 2,Megiddo: The Omega Code 2,0,2001,\N,104,1,1,0,0,0,0,0,0,0,1,0,0,0,0,0,0,0,0,0,0,0,22000000.0,1573454.0
tt0264150,movie,View from the Top,View from the Top,0,2003,\N,87,0,0,0,0,1,0,0,0,0,0,0,0,0,0,0,1,0,0,0,0,0,30000000.0,7009513.0
tt0264395,movie,Basic,Basic,0,2003,\N,98,1,0,0,0,0,1,0,1,0,0,0,0,0,0,0,0,0,0,0,0,0,50000000.0,11511960.0
tt0264464,movie,Catch Me If You Can,Catch Me If You Can,0,2002,\N,141,0,0,0,1,0,1,0,1,0,0,0,0,0,0,0,0,0,0,0,0,0,52000000.0,30082000.0
tt0264605,movie,Extreme Force,Extreme Force,0,2001,\N,90,1,0,0,0,0,0,0,0,0,0,0,0,0,0,0,0,0,0,0,0,0,3000000.0,4532.0
tt0264796,movie,Life as a House,Life as a House,0,2001,\N,125,0,0,0,0,0,0,0,1,0,0,0,0,0,0,0,0,0,0,0,0,0,27000000.0,294056.0
tt0265029,movie,America's Sweethearts,America's Sweethearts,0,2001,\N,102,0,0,0,0,1,0,0,0,0,0,0,0,0,0,0,1,0,0,0,0,0,46000000.0,30181877.0
tt0265086,movie,Black Hawk Down,Black Hawk Down,0,2001,\N,144,0,0,0,0,0,0,0,1,0,0,1,0,0,0,0,0,0,0,0,1,0,92000000.0,193021.0
tt0265087,movie,Black Knight,Black Knight,0,2001,\N,95,0,1,0,0,1,0,0,0,0,1,0,0,0,0,0,0,0,0,0,0,0,50000000.0,11102948.0
tt0265208,movie,The Girl Next Door,The Girl Next Door,0,2004,\N,108,0,0,0,0,1,0,0,1,0,0,0,0,0,0,0,1,0,0,0,0,0,25000000.0,6003806.0
tt0265298,movie,Big Fat Liar,Big Fat Liar,0,2002,\N,88,0,1,0,0,1,0,0,0,1,0,0,0,0,0,0,0,0,0,0,0,0,15000000.0,11554015.0
tt0265307,movie,The Man from Elysian Fields,The Man from Elysian Fields,0,2001,\N,106,0,0,0,0,0,0,0,1,0,0,0,0,0,0,0,1,0,0,0,0,0,6500000.0,46353.0
tt0265459,movie,One Hour Photo,One Hour Photo,0,2002,\N,96,0,0,0,0,0,0,0,1,0,0,0,0,0,0,0,0,0,0,1,0,0,12000000.0,321515.0
tt0265632,movie,Recess: School's Out,Recess: School's Out,0,2001,\N,82,0,0,1,0,1,0,0,0,1,0,0,0,0,0,0,0,0,0,0,0,0,23000000.0,13455016.0
tt0265662,movie,The Rookie,The Rookie,0,2002,\N,127,0,0,0,0,0,0,0,1,1,0,0,0,0,0,0,0,0,1,0,0,0,20000000.0,16021684.0
tt0266465,movie,A Man Apart,A Man Apart,0,2003,\N,109,1,0,0,0,0,1,0,1,0,0,0,0,0,0,0,0,0,0,0,0,0,36000000.0,11019224.0
tt0266697,movie,Kill Bill: Vol. 1,Kill Bill: Vol. 1,0,2003,\N,111,1,0,0,0,0,1,0,0,0,0,0,0,0,0,0,0,0,0,1,0,0,30000000.0,22089322.0
tt0267248,movie,Abandon,Abandon,0,2002,\N,99,0,0,0,0,0,0,0,1,0,0,0,0,1,0,1,0,0,0,0,0,0,25000000.0,5064077.0
tt0267804,movie,The One,The One,0,2001,\N,87,1,0,0,0,0,0,0,0,0,0,0,0,0,0,0,0,1,0,1,0,0,49000000.0,19112404.0
tt0267913,movie,Scooby-Doo,Scooby-Doo,0,2002,\N,86,0,1,0,0,1,0,0,0,1,0,0,0,0,0,0,0,0,0,0,0,0,84000000.0,54155312.0
tt0268126,movie,Adaptation.,Adaptation.,0,2002,\N,114,0,0,0,0,1,0,0,1,0,0,0,0,0,0,0,0,0,0,0,0,0,19000000.0,384478.0
tt0268380,movie,Ice Age,Ice Age,0,2002,\N,81,0,1,1,0,1,0,0,0,0,0,0,0,0,0,0,0,0,0,0,0,0,59000000.0,46312454.0
tt0269095,movie,City by the Sea,City by the Sea,0,2002,\N,108,0,0,0,0,0,1,0,1,0,0,0,0,0,0,1,0,0,0,0,0,0,60000000.0,8935426.0
tt0269341,movie,Two Can Play That Game,Two Can Play That Game,0,2001,\N,90,0,0,0,0,1,0,0,0,0,0,0,0,0,0,0,1,0,0,0,0,0,13000000.0,7720942.0
tt0270288,movie,Confessions of a Dangerous Mind,Confessions of a Dangerous Mind,0,2002,\N,113,0,0,0,1,1,1,0,0,0,0,0,0,0,0,0,0,0,0,0,0,0,29000000.0,12537.0
tt0270707,movie,The Truth About Charlie,The Truth About Charlie,0,2002,\N,104,0,0,0,0,0,0,0,0,0,0,0,0,0,0,1,0,0,0,1,0,0,60000000.0,2270290.0
tt0270980,movie,My Boss's Daughter,My Boss's Daughter,0,2003,\N,86,0,0,0,0,1,0,0,0,0,0,0,0,0,0,0,1,0,0,0,0,0,14000000.0,4855798.0
tt0271020,movie,The Jimmy Show,The Jimmy Show,0,2001,\N,96,0,0,0,0,1,0,0,1,0,0,0,0,0,0,0,0,0,0,0,0,0,1500000.0,703.0
tt0271027,movie,Kiss of the Dragon,Kiss of the Dragon,0,2001,\N,98,1,0,0,0,0,1,0,1,0,0,0,0,0,0,0,0,0,0,0,0,0,25000000.0,13304027.0
tt0271263,movie,Eight Crazy Nights,Eight Crazy Nights,0,2002,\N,76,0,0,1,0,1,0,0,0,0,0,0,0,1,1,0,0,0,0,0,0,0,34000000.0,9434175.0
tt0271367,movie,Eight Legged Freaks,Eight Legged Freaks,0,2002,\N,99,1,0,0,0,1,0,0,0,0,0,0,1,0,0,0,0,0,0,0,0,0,30000000.0,6485458.0
tt0272020,movie,The Last Castle,The Last Castle,0,2001,\N,131,1,0,0,0,0,0,0,1,0,0,0,0,0,0,0,0,0,0,1,0,0,72000000.0,7088213.0
tt0272152,movie,K-PAX,K-PAX,0,2001,\N,120,0,0,0,0,0,0,0,1,0,0,0,0,0,0,0,0,1,0,0,0,0,68000000.0,17215275.0
tt0272338,movie,Punch-Drunk Love,Punch-Drunk Love,0,2002,\N,95,0,0,0,0,1,0,0,1,0,0,0,0,0,0,0,1,0,0,0,0,0,25000000.0,367203.0
tt0273108,movie,The Beautiful Country,The Beautiful Country,0,2004,\N,137,0,0,0,0,0,0,0,1,0,0,0,0,0,0,0,0,0,0,0,0,0,6000000.0,25900.0
tt0273300,movie,Jump Tomorrow,Jump Tomorrow,0,2001,\N,97,0,0,0,0,1,0,0,1,0,0,0,0,0,0,0,1,0,0,0,0,0,1000000.0,33236.0
tt0273923,movie,Orange County,Orange County,0,2002,\N,82,0,0,0,0,1,0,0,1,0,0,0,0,0,0,0,0,0,0,0,0,0,18000000.0,15053226.0
tt0273982,movie,Poolhall Junkies,Poolhall Junkies,0,2002,\N,99,0,0,0,0,1,0,0,1,0,0,0,0,0,0,0,0,0,1,0,0,0,4000000.0,301856.0
tt0274166,movie,Johnny English,Johnny English,0,2003,\N,88,1,1,0,0,1,0,0,0,0,0,0,0,0,0,0,0,0,0,0,0,0,35000000.0,9134085.0
tt0274558,movie,The Hours,The Hours,0,2002,\N,110,0,0,0,0,0,0,0,1,0,0,0,0,0,0,0,1,0,0,0,0,0,25000000.0,338622.0
tt0274711,movie,People I Know,People I Know,0,2002,\N,100,0,0,0,0,0,1,0,1,0,0,0,0,0,0,0,0,0,0,0,0,0,22000000.0,34211.0
tt0274812,movie,Secretary,Secretary,0,2002,\N,107,0,0,0,0,1,0,0,1,0,0,0,0,0,0,0,1,0,0,0,0,0,4000000.0,182306.0
tt0275491,movie,Bad Education,La mala educación,0,2004,\N,106,0,0,0,0,0,1,0,1,0,0,0,0,0,0,0,0,0,0,0,0,0,5000000.0,147370.0
tt0275639,movie,Love Street,Rue des plaisirs,0,2002,\N,91,0,0,0,0,0,0,0,1,0,0,0,0,0,0,0,1,0,0,0,0,0,15000000.0,634923.0
tt0275719,movie,Tape,Tape,0,2001,\N,86,0,0,0,0,0,0,0,1,0,0,0,0,0,0,0,0,0,0,0,0,0,100000.0,28424.0
tt0277296,movie,The Scorpion King,The Scorpion King,0,2002,\N,92,1,1,0,0,0,0,0,0,0,1,0,0,0,0,0,0,0,0,0,0,0,60000000.0,36075875.0
tt0278295,movie,All About the Benjamins,All About the Benjamins,0,2002,\N,95,1,0,0,0,1,1,0,0,0,0,0,0,0,0,0,0,0,0,0,0,0,14000000.0,10007291.0
tt0280380,movie,Trapped,Trapped,0,2002,\N,106,1,0,0,0,0,1,0,1,0,0,0,0,0,0,0,0,0,0,0,0,0,30000000.0,17626.0
tt0280707,movie,Gosford Park,Gosford Park,0,2001,\N,131,0,0,0,0,1,0,0,1,0,0,0,0,0,0,1,0,0,0,0,0,0,19800000.0,3395759.0
tt0282687,movie,Life or Something Like It,Life or Something Like It,0,2002,\N,103,0,0,0,0,1,0,0,0,0,0,0,0,0,0,0,1,0,0,0,0,0,40000000.0,6219234.0
tt0283084,movie,Tuck Everlasting,Tuck Everlasting,0,2002,\N,90,0,0,0,0,0,0,0,1,1,1,0,0,0,0,0,0,0,0,0,0,0,15000000.0,5268764.0
tt0283111,movie,Van Wilder,Van Wilder,0,2002,\N,92,0,0,0,0,1,0,0,0,0,0,0,0,0,0,0,1,0,0,0,0,0,6000000.0,7302913.0
tt0284490,movie,Showtime,Showtime,0,2002,\N,95,1,0,0,0,1,1,0,0,0,0,0,0,0,0,0,0,0,0,0,0,0,85000000.0,15011430.0
tt0284929,movie,Ted Bundy,Ted Bundy,0,2002,\N,99,0,0,0,1,0,1,0,1,0,0,0,0,0,0,0,0,0,0,0,0,0,1200000.0,1710.0
tt0285869,movie,Pandora's Box,Pandora's Box,0,2002,\N,103,0,0,0,0,0,0,0,0,0,0,0,0,0,0,0,1,0,0,1,0,0,800000.0,85610.0
tt0286106,movie,Signs,Signs,0,2002,\N,106,0,0,0,0,0,0,0,1,0,0,0,0,0,0,1,0,1,0,0,0,0,72000000.0,60117080.0
tt0286162,movie,Stolen Summer,Stolen Summer,0,2002,\N,91,0,0,0,0,0,0,0,1,0,0,0,0,0,0,0,0,0,0,0,0,0,1500000.0,61613.0
tt0286179,movie,Sunshine State,Sunshine State,0,2002,\N,141,0,0,0,0,0,0,0,1,0,0,0,0,0,0,0,1,0,0,0,0,0,5600000.0,93072.0
tt0286493,movie,The Badge,The Badge,0,2002,\N,103,0,0,0,0,0,1,0,1,0,0,0,0,0,0,1,0,0,0,0,0,0,6000000.0,4609.0
tt0286788,movie,What a Girl Wants,What a Girl Wants,0,2003,\N,105,0,0,0,0,1,0,0,1,1,0,0,0,0,0,0,0,0,0,0,0,0,20000000.0,11434964.0
tt0315733,movie,21 Grams,21 Grams,0,2003,\N,124,0,0,0,0,0,1,0,1,0,0,0,0,0,0,0,0,0,0,1,0,0,20000000.0,274454.0
tt0357507,movie,Boogeyman,Boogeyman,0,2005,\N,89,0,0,0,0,0,0,0,1,0,0,0,1,0,0,1,0,0,0,0,0,0,20000000.0,19020655.0
tt0358294,movie,Into the Sun,Into the Sun,0,2005,\N,97,1,1,0,0,0,0,0,0,0,0,0,0,0,0,0,0,0,0,1,0,0,15000000.0,164762.0
tt0361322,movie,Assisted Living,Assisted Living,0,2003,\N,78,0,0,0,0,1,0,0,1,0,0,0,0,0,0,0,0,0,0,0,0,0,500000.0,14146.0
tt0362227,movie,The Terminal,The Terminal,0,2004,\N,128,0,0,0,0,1,0,0,1,0,0,0,0,0,0,0,1,0,0,0,0,0,60000000.0,19053199.0
tt0362478,movie,The Box,The Box,0,2009,\N,115,0,0,0,0,0,0,0,1,0,1,0,0,0,0,1,0,0,0,0,0,0,16000000.0,7571417.0
tt0368891,movie,National Treasure,National Treasure,0,2004,\N,131,1,1,0,0,0,0,0,0,1,0,0,0,0,0,0,0,0,0,0,0,0,100000000.0,35142554.0
tt0369436,movie,Four Christmases,Four Christmases,0,2008,\N,88,0,0,0,0,1,0,0,1,0,0,0,0,0,0,0,1,0,0,0,0,0,80000000.0,31069826.0
tt0369441,movie,Fun with Dick and Jane,Fun with Dick and Jane,0,2005,\N,90,0,0,0,0,1,1,0,0,0,0,0,0,0,0,0,0,0,0,0,0,0,100000000.0,21530160.0
tt0369735,movie,Monster-in-Law,Monster-in-Law,0,2005,\N,101,0,0,0,0,1,0,0,0,0,0,0,0,0,0,0,1,0,0,0,0,0,60000000.0,23105133.0
tt0370263,movie,AVP: Alien vs. Predator,AVP: Alien vs. Predator,0,2004,\N,101,1,0,0,0,0,0,0,0,0,0,0,1,0,0,0,0,1,0,0,0,0,60000000.0,38291056.0
tt0371246,movie,Spanglish,Spanglish,0,2004,\N,131,0,0,0,0,1,0,0,1,0,0,0,0,0,0,0,1,0,0,0,0,0,80000000.0,8817853.0
tt0371739,movie,The Zodiac,The Zodiac,0,2005,\N,92,0,0,0,0,0,1,0,1,0,0,0,1,0,0,0,0,0,0,0,0,0,1000000.0,20578.0
tt0371746,movie,Iron Man,Iron Man,0,2008,\N,126,1,1,0,0,0,0,0,0,0,0,0,0,0,0,0,0,1,0,0,0,0,140000000.0,98618668.0
tt0372183,movie,The Bourne Supremacy,The Bourne Supremacy,0,2004,\N,108,1,0,0,0,0,0,0,0,0,0,0,0,0,0,1,0,0,0,1,0,0,75000000.0,52521865.0
tt0372334,movie,House of D,House of D,0,2004,\N,97,0,0,0,0,1,0,0,1,0,0,0,0,0,0,0,0,0,0,0,0,0,6000000.0,36371.0
tt0372532,movie,The Wedding Date,The Wedding Date,0,2005,\N,90,0,0,0,0,1,0,0,0,0,0,0,0,0,0,0,1,0,0,0,0,0,15000000.0,11129580.0
tt0372588,movie,Team America: World Police,Team America: World Police,0,2004,\N,98,1,0,0,0,1,0,0,0,0,0,0,0,0,0,0,0,0,0,0,0,0,30000000.0,12120358.0
tt0372784,movie,Batman Begins,Batman Begins,0,2005,\N,140,1,1,0,0,0,0,0,0,0,0,0,0,0,0,0,0,0,0,0,0,0,150000000.0,48745440.0
tt0372873,movie,Dragon Wars: D-War,D-War,0,2007,\N,90,1,0,0,0,0,0,0,1,0,1,0,0,0,0,0,0,0,0,0,0,0,35000000.0,5041239.0
tt0372884,movie,Eating Out,Eating Out,0,2004,\N,90,0,0,0,0,1,0,0,1,0,0,0,0,0,0,0,1,0,0,0,0,0,50000.0,17510.0
tt0373024,movie,Imaginary Heroes,Imaginary Heroes,0,2004,\N,111,0,0,0,0,1,0,0,1,0,0,0,0,0,0,0,0,0,0,0,0,0,4000000.0,43807.0
tt0373051,movie,Journey to the Center of the Earth,Journey to the Center of the Earth,0,2008,\N,93,1,1,0,0,0,0,0,0,1,0,0,0,0,0,0,0,0,0,0,0,0,45000000.0,21018141.0
tt0373074,movie,Kung Fu Hustle,Kung fu,0,2004,\N,99,1,0,0,0,1,1,0,0,0,0,0,0,0,0,0,0,0,0,0,0,0,20000000.0,269225.0
tt0373283,movie,Saints and Soldiers,Saints and Soldiers,0,2003,\N,90,1,1,0,0,0,0,0,1,0,0,0,0,0,0,0,0,0,0,0,0,0,780000.0,129056.0
tt0373416,movie,Underclassman,Underclassman,0,2005,\N,95,1,0,0,0,1,1,0,0,0,0,0,0,0,0,0,0,0,0,0,0,0,25000000.0,3086127.0
tt0373445,movie,The Wendell Baker Story,The Wendell Baker Story,0,2005,\N,99,0,0,0,0,1,0,0,1,0,0,0,0,0,0,0,1,0,0,0,0,0,8000000.0,48120.0
tt0373450,movie,Where the Truth Lies,Where the Truth Lies,0,2005,\N,107,0,0,0,0,0,1,0,1,0,0,0,0,0,0,1,0,0,0,0,0,0,25000000.0,37726.0
tt0373883,movie,Halloween,Halloween,0,2007,\N,109,0,0,0,0,0,0,0,0,0,0,0,1,0,0,0,0,0,0,0,0,0,15000000.0,30591759.0
tt0373889,movie,Harry Potter and the Order of the Phoenix,Harry Potter and the Order of the Phoenix,0,2007,\N,138,0,1,0,0,0,0,0,0,1,1,0,0,0,0,0,0,0,0,0,0,0,150000000.0,77108414.0
tt0373908,movie,The Honeymooners,The Honeymooners,0,2005,\N,90,0,0,0,0,1,0,0,1,1,0,0,0,0,0,0,0,0,0,0,0,0,27000000.0,5538835.0
tt0373926,movie,The Interpreter,The Interpreter,0,2005,\N,128,0,0,0,0,0,1,0,0,0,0,0,0,0,0,1,0,0,0,1,0,0,80000000.0,22822455.0
tt0374089,movie,Nomad: The Warrior,Köshpendiler,0,2005,\N,112,0,0,0,0,0,0,0,1,0,0,1,0,0,0,0,0,0,0,0,1,0,25000000.0,14250.0
tt0374102,movie,Open Water,Open Water,0,2003,\N,79,0,1,0,0,0,0,0,1,0,0,0,1,0,0,0,0,0,0,0,0,0,120000.0,1100943.0
tt0374330,movie,Warriors of Heaven and Earth,Tian di ying xiong,0,2003,\N,120,1,1,0,0,0,0,0,1,0,0,0,0,0,0,0,0,0,0,0,0,0,10000000.0,18484.0
tt0374536,movie,Bewitched,Bewitched,0,2005,\N,102,0,0,0,0,1,0,0,0,0,1,0,0,0,0,0,1,0,0,0,0,0,85000000.0,20131130.0
tt0374563,movie,Captivity,Captivity,0,2007,\N,96,0,0,0,0,0,1,0,0,0,0,0,0,0,0,1,0,0,0,1,0,0,17000000.0,1429100.0
tt0374639,movie,Incident at Loch Ness,Incident at Loch Ness,0,2004,\N,94,0,1,0,0,1,0,0,0,0,0,0,1,0,0,0,0,0,0,0,0,0,1400000.0,2682.0
tt0374900,movie,Napoleon Dynamite,Napoleon Dynamite,0,2004,\N,96,0,0,0,0,1,0,0,0,0,0,0,0,0,0,0,0,0,0,0,0,0,400000.0,116666.0
tt0375063,movie,Sideways,Sideways,0,2004,\N,126,0,0,0,0,1,0,0,1,0,0,0,0,0,0,0,1,0,0,0,0,0,12000000.0,207042.0
tt0375210,movie,White Noise,White Noise,0,2005,\N,101,0,0,0,0,0,0,0,1,0,0,0,1,0,0,1,0,0,0,0,0,0,10000000.0,24113565.0
tt0375568,movie,Astro Boy,Astro Boy,0,2009,\N,94,1,0,1,0,1,0,0,0,0,0,0,0,0,0,0,0,0,0,0,0,0,65000000.0,6702923.0
tt0375679,movie,Crash,Crash,0,2004,\N,112,0,0,0,0,0,1,0,1,0,0,0,0,0,0,0,0,0,0,1,0,0,6500000.0,342709.0
tt0376105,movie,Racing Stripes,Racing Stripes,0,2005,\N,102,0,1,0,0,1,0,0,1,0,0,0,0,0,0,0,0,0,0,0,0,0,30000000.0,18862432.0
tt0376108,movie,Rebound,Rebound,0,2005,\N,86,0,0,0,0,1,0,0,0,1,0,0,0,0,0,0,0,0,1,0,0,0,33100000.0,6003237.0
tt0376196,movie,Slow Burn,Slow Burn,0,2005,\N,93,0,0,0,0,0,0,0,1,0,0,0,0,0,0,1,0,0,0,1,0,0,15500000.0,778123.0
tt0376541,movie,Closer,Closer,0,2004,\N,104,0,0,0,0,0,0,0,1,0,0,0,0,0,0,0,1,0,0,0,0,0,27000000.0,7707972.0
tt0376873,movie,"Sexo, Amor e Traição","Sexo, Amor e Traição",0,2004,\N,90,0,0,0,0,1,0,0,0,0,0,0,0,0,0,0,0,0,0,0,0,0,1000000.0,1213275.0
tt0376890,movie,Silver City,Silver City,0,2004,\N,128,0,0,0,0,1,0,0,1,0,0,0,0,0,0,1,0,0,0,0,0,0,5000000.0,337484.0
tt0376994,movie,X-Men: The Last Stand,X-Men: The Last Stand,0,2006,\N,104,1,1,0,0,0,0,0,0,0,1,0,0,0,0,0,0,0,0,0,0,0,210000000.0,122861157.0
tt0377057,movie,Elvis Has Left the Building,Elvis Has Left the Building,0,2004,\N,90,0,0,0,0,1,0,0,0,0,0,0,0,0,0,0,0,0,0,0,0,0,11500000.0,33611.0
tt0377062,movie,Flight of the Phoenix,Flight of the Phoenix,0,2004,\N,113,1,1,0,0,0,0,0,1,0,0,0,0,0,0,0,0,0,0,0,0,0,45000000.0,5019430.0
tt0377091,movie,Mean Creek,Mean Creek,0,2004,\N,90,0,0,0,0,0,1,0,1,0,0,0,0,0,0,0,0,0,0,0,0,0,500000.0,29170.0
tt0377092,movie,Mean Girls,Mean Girls,0,2004,\N,97,0,0,0,0,1,0,0,0,0,0,0,0,0,0,0,0,0,0,0,0,0,17000000.0,24432195.0
tt0377107,movie,Proof,Proof,0,2005,\N,100,0,0,0,0,0,0,0,1,0,0,0,0,0,0,1,0,0,0,0,0,0,20000000.0,193840.0
tt0377109,movie,The Ring Two,The Ring Two,0,2005,\N,110,0,0,0,0,0,0,0,0,0,0,0,1,0,0,1,0,0,0,0,0,0,50000000.0,35065237.0
tt0377471,movie,Be Cool,Be Cool,0,2005,\N,118,0,0,0,0,1,1,0,0,0,0,0,0,1,0,0,0,0,0,0,0,0,53000000.0,23450212.0
tt0377701,movie,Cowboys & Angels,Cowboys & Angels,0,2003,\N,89,0,0,0,0,1,0,0,1,0,0,0,0,0,0,0,0,0,0,0,0,0,2000000.0,5864.0
tt0377744,movie,A Day Without a Mexican,A Day Without a Mexican,0,2004,\N,100,0,0,0,0,1,0,0,1,0,1,0,0,0,0,0,0,0,0,0,0,0,1500000.0,5454.0
tt0377800,movie,Don't Come Knocking,Don't Come Knocking,0,2005,\N,122,0,0,0,0,0,0,0,1,0,0,0,0,1,0,0,0,0,0,0,0,0,11000000.0,30630.0
tt0377818,movie,The Dukes of Hazzard,The Dukes of Hazzard,0,2005,\N,104,1,1,0,0,1,0,0,0,0,0,0,0,0,0,0,0,0,0,0,0,0,50000000.0,30675314.0
tt0377981,movie,Gnomeo & Juliet,Gnomeo & Juliet,0,2011,\N,84,0,0,1,0,1,0,0,0,1,0,0,0,0,0,0,0,0,0,0,0,0,36000000.0,25356909.0
tt0378109,movie,Into the Blue,Into the Blue,0,2005,\N,110,1,1,0,0,0,1,0,0,0,0,0,0,0,0,0,0,0,0,0,0,0,50000000.0,7057854.0
tt0378194,movie,Kill Bill: Vol. 2,Kill Bill: Vol. 2,0,2004,\N,137,1,0,0,0,0,1,0,1,0,0,0,0,0,0,0,0,0,0,0,0,0,30000000.0,25104949.0
tt0378407,movie,My Date with Drew,My Date with Drew,0,2004,\N,90,0,0,0,0,0,0,1,0,0,0,0,0,0,0,0,0,0,0,0,0,0,1100.0,85222.0
tt0378906,movie,Travelers and Magicians,Travellers and Magicians,0,2003,\N,108,0,1,0,0,0,0,0,1,0,0,0,0,0,0,0,0,0,0,0,0,0,1800000.0,33815.0
tt0379322,movie,Indigo,Indigo,0,2003,\N,89,0,0,0,0,0,0,0,1,0,0,0,0,0,0,0,0,0,0,0,0,0,500000.0,1190000.0
tt0379487,movie,The Seat Filler,The Seat Filler,0,2004,\N,90,0,0,0,0,1,0,0,0,0,0,0,0,0,0,0,1,0,0,0,0,0,8000000.0,4812287.0
tt0379725,movie,Capote,Capote,0,2005,\N,114,0,0,0,1,0,1,0,1,0,0,0,0,0,0,0,0,0,0,0,0,0,7000000.0,324857.0
tt0379765,movie,Drum,Drum,0,2004,\N,94,0,0,0,0,0,0,0,0,0,0,0,0,0,0,0,0,0,0,1,0,0,3600.0,38487.0
tt0379786,movie,Serenity,Serenity,0,2005,\N,119,1,1,0,0,0,0,0,0,0,0,0,0,0,0,0,0,1,0,0,0,0,40000000.0,10086680.0
tt0379865,movie,Leatherheads,Leatherheads,0,2008,\N,114,0,0,0,0,1,0,0,1,0,0,0,0,0,0,0,1,0,0,0,0,0,58000000.0,12682595.0
tt0379889,movie,The Merchant of Venice,The Merchant of Venice,0,2004,\N,131,0,0,0,0,0,0,0,1,0,0,0,0,0,0,0,1,0,0,0,0,0,18000000.0,69868.0
tt0380389,movie,Goal! The Dream Begins,Goal!,0,2005,\N,118,0,0,0,0,0,0,0,1,0,0,0,0,0,0,0,1,0,1,0,0,0,10000000.0,1921838.0
tt0380510,movie,The Lovely Bones,The Lovely Bones,0,2009,\N,135,0,0,0,0,0,0,0,1,0,1,0,0,0,0,0,0,0,0,1,0,0,65000000.0,116616.0
tt0380623,movie,The Perfect Man,The Perfect Man,0,2005,\N,100,0,0,0,0,1,0,0,0,1,0,0,0,0,0,0,1,0,0,0,0,0,25000000.0,5300980.0
tt0381061,movie,Casino Royale,Casino Royale,0,2006,\N,144,1,1,0,0,0,0,0,0,0,0,0,0,0,0,0,0,0,0,1,0,0,150000000.0,40833156.0
tt0381505,movie,Pretty Persuasion,Pretty Persuasion,0,2005,\N,104,0,0,0,0,1,0,0,1,0,0,0,0,0,0,0,0,0,0,0,0,0,2500000.0,58570.0
tt0381681,movie,Before Sunset,Before Sunset,0,2004,\N,80,0,0,0,0,0,0,0,1,0,0,0,0,0,0,0,1,0,0,0,0,0,2700000.0,311194.0
tt0381707,movie,White Chicks,White Chicks,0,2004,\N,109,0,0,0,0,1,1,0,0,0,0,0,0,0,0,0,0,0,0,0,0,0,37000000.0,19676748.0
tt0381849,movie,3:10 to Yuma,3:10 to Yuma,0,2007,\N,122,0,1,0,0,0,1,0,1,0,0,0,0,0,0,0,0,0,0,0,0,0,55000000.0,14035033.0
tt0381971,movie,Curious George,Curious George,0,2006,\N,87,0,1,1,0,1,0,0,0,0,0,0,0,0,0,0,0,0,0,0,0,0,50000000.0,14703405.0
tt0382077,movie,Hide and Seek,Hide and Seek,0,2005,\N,101,0,0,0,0,0,0,0,1,0,0,0,1,0,0,1,0,0,0,0,0,0,30000000.0,21959233.0
tt0382625,movie,The Da Vinci Code,The Da Vinci Code,0,2006,\N,149,0,0,0,0,0,0,0,0,0,0,0,0,0,0,1,0,0,0,1,0,0,125000000.0,77073388.0
tt0382628,movie,Dark Water,Dark Water,0,2005,\N,105,0,0,0,0,0,0,0,1,0,0,0,1,0,0,0,0,0,0,1,0,0,30000000.0,9939251.0
tt0382992,movie,Stealth,Stealth,0,2005,\N,121,1,1,0,0,0,0,0,0,0,0,0,0,0,0,0,0,1,0,0,0,0,135000000.0,13251545.0
tt0383028,movie,"Synecdoche, New York","Synecdoche, New York",0,2008,\N,124,0,0,0,0,1,0,0,1,0,0,0,0,0,0,0,0,0,0,0,0,0,21000000.0,172194.0
tt0383060,movie,Zoom,Zoom,0,2006,\N,83,1,1,0,0,1,0,0,0,0,0,0,0,0,0,0,0,0,0,0,0,0,35000000.0,4510408.0
tt0383222,movie,BloodRayne,BloodRayne,0,2005,\N,95,1,1,0,0,0,0,0,0,0,1,0,0,0,0,0,0,0,0,0,0,0,25000000.0,1550000.0
tt0383574,movie,Pirates of the Caribbean: Dead Man's Chest,Pirates of the Caribbean: Dead Man's Chest,0,2006,\N,151,1,1,0,0,0,0,0,0,0,1,0,0,0,0,0,0,0,0,0,0,0,225000000.0,135634554.0
tt0383694,movie,Vera Drake,Vera Drake,0,2004,\N,125,0,0,0,0,0,1,0,1,0,0,0,0,0,0,0,0,0,0,0,0,0,11000000.0,13207.0
tt0384286,movie,Cry Wolf,Cry Wolf,0,2005,\N,90,0,0,0,0,0,0,0,1,0,0,0,1,0,0,1,0,0,0,0,0,0,1000000.0,4428209.0
tt0384533,movie,She Hate Me,She Hate Me,0,2004,\N,138,0,0,0,0,1,0,0,1,0,0,0,0,0,0,0,0,0,0,0,0,0,8000000.0,55016.0
tt0384642,movie,Kicking & Screaming,Kicking & Screaming,0,2005,\N,95,0,0,0,0,1,0,0,0,1,0,0,0,0,0,0,1,0,0,0,0,0,45000000.0,20159925.0
tt0384680,movie,The Weather Man,The Weather Man,0,2005,\N,102,0,0,0,0,1,0,0,1,0,0,0,0,0,0,0,0,0,0,0,0,0,22000000.0,4248465.0
tt0384686,movie,The White Countess,The White Countess,0,2005,\N,135,0,0,0,0,0,0,0,1,0,0,1,0,0,0,0,1,0,0,0,0,0,16000000.0,67712.0
tt0384793,movie,Accepted,Accepted,0,2006,\N,93,0,0,0,0,1,0,0,0,0,0,0,0,0,0,0,0,0,0,0,0,0,23000000.0,10023835.0
tt0384806,movie,The Amityville Horror,The Amityville Horror,0,2005,\N,90,0,0,0,0,0,0,0,1,0,0,0,1,0,0,1,0,0,0,0,0,0,19000000.0,23507007.0
tt0384929,movie,The Dying Gaul,The Dying Gaul,0,2005,\N,92,0,0,0,0,0,0,0,1,0,0,0,0,0,0,0,1,0,0,0,0,0,4000000.0,53944.0
tt0385056,movie,Lonesome Jim,Lonesome Jim,0,2005,\N,91,0,0,0,0,1,0,0,1,0,0,0,0,0,0,0,0,0,0,0,0,0,500000.0,13798.0
tt0385267,movie,In Good Company,In Good Company,0,2004,\N,109,0,0,0,0,1,0,0,1,0,0,0,0,0,0,0,1,0,0,0,0,0,26000000.0,151750.0
tt0385307,movie,Miss Congeniality 2: Armed and Fabulous,Miss Congeniality 2: Armed and Fabulous,0,2005,\N,115,1,0,0,0,1,1,0,0,0,0,0,0,0,0,0,0,0,0,0,0,0,45000000.0,14043215.0
tt0385752,movie,The Golden Compass,The Golden Compass,0,2007,\N,113,0,1,0,0,0,0,0,0,1,1,0,0,0,0,0,0,0,0,0,0,0,180000000.0,25783232.0
tt0386064,movie,Tae Guk Gi: The Brotherhood of War,Taegukgi hwinalrimyeo,0,2004,\N,140,1,0,0,0,0,0,0,1,0,0,0,0,0,0,0,0,0,0,0,1,0,12800000.0,363439.0
tt0386588,movie,Hitch,Hitch,0,2005,\N,118,0,0,0,0,1,0,0,0,0,0,0,0,0,0,0,1,0,0,0,0,0,70000000.0,43142214.0
tt0389860,movie,Click,Click,0,2006,\N,107,0,0,0,0,1,0,0,1,0,1,0,0,0,0,0,0,0,0,0,0,0,70000000.0,40011365.0
tt0389989,movie,Evil Cult,Evil Cult,0,2003,\N,90,1,0,0,0,1,0,0,0,0,0,0,1,0,0,0,0,0,0,0,0,0,15000.0,270.0
tt0390384,movie,Primer,Primer,0,2004,\N,77,0,0,0,0,0,0,0,1,0,0,0,0,0,0,0,0,1,0,1,0,0,7000.0,28162.0
tt0396592,movie,Fat Albert,Fat Albert,0,2004,\N,93,0,0,0,0,1,0,0,0,1,1,0,0,0,0,0,0,0,0,0,0,0,26000000.0,10021510.0
tt0423169,movie,Sherrybaby,Sherrybaby,0,2006,\N,96,0,0,0,0,0,0,0,1,0,0,0,0,0,0,0,0,0,0,0,0,0,2000000.0,34774.0
tt0424908,movie,Copying Beethoven,Copying Beethoven,0,2006,\N,104,0,0,0,1,0,0,0,1,0,0,0,0,1,0,0,0,0,0,0,0,0,11000000.0,70460.0
tt0425055,movie,Game 6,Game 6,0,2005,\N,87,0,0,0,0,1,0,0,1,0,0,0,0,0,0,0,0,0,1,0,0,0,1000000.0,9610.0
tt0426459,movie,Feast,Feast,0,2005,\N,95,1,0,0,0,1,0,0,0,0,0,0,1,0,0,0,0,0,0,0,0,0,3200000.0,54556.0
tt0427969,movie,Hollywoodland,Hollywoodland,0,2006,\N,126,0,0,0,1,0,1,0,1,0,0,0,0,0,0,0,0,0,0,0,0,0,28000000.0,5926177.0
tt0429589,movie,The Ant Bully,The Ant Bully,0,2006,\N,88,0,1,1,0,1,0,0,0,0,0,0,0,0,0,0,0,0,0,0,0,0,50000000.0,8432465.0
tt0433405,movie,Land of the Blind,Land of the Blind,0,2006,\N,110,0,0,0,0,0,0,0,1,0,0,0,0,0,0,0,0,0,0,1,0,0,18000000.0,5244.0
tt0437232,movie,Catch a Fire,Catch a Fire,0,2006,\N,101,0,0,0,1,0,0,0,1,0,0,1,0,0,0,0,0,0,0,0,0,0,14000000.0,2026997.0
tt0437447,movie,Riding Alone for Thousands of Miles,Qian li zou dan qi,0,2005,\N,107,0,0,0,0,0,0,0,1,0,0,0,0,0,0,0,0,0,0,0,0,0,7500000.0,36295.0
tt0437526,movie,The Last Mistress,Une vieille maîtresse,0,2007,\N,104,0,0,0,0,0,0,0,1,0,0,0,0,0,0,0,1,0,0,0,0,0,6500000.0,33554.0
tt0441774,movie,Lonely Hearts,Lonely Hearts,0,2006,\N,108,0,0,0,0,0,1,0,1,0,0,0,0,0,0,0,1,0,0,0,0,0,18000000.0,80423.0
tt0453451,movie,Mr. Bean's Holiday,Mr. Bean's Holiday,0,2007,\N,90,0,0,0,0,1,0,0,0,1,0,0,0,0,0,0,0,0,0,0,0,0,25000000.0,9889780.0
tt0453467,movie,Deja Vu,Deja Vu,0,2006,\N,126,1,0,0,0,0,1,0,0,0,0,0,0,0,0,0,0,1,0,0,0,0,75000000.0,20574802.0
tt0453494,movie,Hoot,Hoot,0,2006,\N,91,0,1,0,0,1,0,0,0,1,0,0,0,0,0,0,0,0,0,0,0,0,15000000.0,3368197.0
tt0453556,movie,TMNT,TMNT,0,2007,\N,87,1,1,1,0,0,0,0,0,0,0,0,0,0,0,0,0,0,0,0,0,0,34000000.0,24255205.0
tt0453562,movie,42,42,0,2013,\N,128,0,0,0,1,0,0,0,1,0,0,0,0,0,0,0,0,0,1,0,0,0,40000000.0,27487144.0
tt0454792,movie,Bubble,Bubble,0,2005,\N,73,0,0,0,0,0,1,0,1,0,0,0,0,0,0,1,0,0,0,0,0,0,1600000.0,70664.0
tt0454824,movie,Flyboys,Flyboys,0,2006,\N,140,1,1,0,0,0,0,0,1,0,0,0,0,0,0,0,0,0,0,0,0,0,60000000.0,6004219.0
tt0454841,movie,The Hills Have Eyes,The Hills Have Eyes,0,2006,\N,107,0,0,0,0,0,0,0,0,0,0,0,1,0,0,0,0,0,0,0,0,0,15000000.0,15708512.0
tt0454848,movie,Inside Man,Inside Man,0,2006,\N,129,0,0,0,0,0,1,0,1,0,0,0,0,0,0,1,0,0,0,0,0,0,45000000.0,28954945.0
tt0454864,movie,The Last Winter,The Last Winter,0,2006,\N,101,0,0,0,0,0,0,0,0,0,0,0,1,0,0,1,0,0,0,1,0,0,5000000.0,8090.0
tt0454919,movie,Pulse,Pulse,0,2006,\N,90,0,0,0,0,0,0,0,0,0,0,0,1,0,0,0,0,1,0,1,0,0,20000000.0,8203822.0
tt0454921,movie,The Pursuit of Happyness,The Pursuit of Happyness,0,2006,\N,117,0,0,0,1,0,0,0,1,0,0,0,0,0,0,0,0,0,0,0,0,0,55000000.0,26541709.0
tt0454945,movie,She's the Man,She's the Man,0,2006,\N,105,0,0,0,0,1,0,0,0,0,0,0,0,0,0,0,1,0,1,0,0,0,20000000.0,10730372.0
tt0455407,movie,The Crazies,The Crazies,0,2010,\N,101,0,0,0,0,0,0,0,0,0,0,0,1,0,0,0,0,0,0,1,0,0,20000000.0,16067552.0
tt0455538,movie,How to Lose Friends & Alienate People,How to Lose Friends & Alienate People,0,2008,\N,110,0,0,0,1,1,0,0,1,0,0,0,0,0,0,0,0,0,0,0,0,0,27000000.0,1430294.0
tt0455590,movie,The Last King of Scotland,The Last King of Scotland,0,2006,\N,123,0,0,0,1,0,0,0,1,0,0,1,0,0,0,0,0,0,0,0,0,0,6000000.0,142899.0
tt0455760,movie,Dead Silence,Dead Silence,0,2007,\N,89,0,0,0,0,0,0,0,0,0,0,0,1,0,0,0,0,0,0,1,0,0,20000000.0,7842725.0
tt0455805,movie,Then She Found Me,Then She Found Me,0,2007,\N,100,0,0,0,0,1,0,0,1,0,0,0,0,0,0,0,1,0,0,0,0,0,3500000.0,72594.0
tt0455824,movie,Australia,Australia,0,2008,\N,165,0,1,0,0,0,0,0,1,0,0,0,0,0,0,0,1,0,0,0,0,0,130000000.0,14800723.0
tt0455915,movie,Black Irish,Black Irish,0,2007,\N,95,0,0,0,0,0,0,0,1,0,0,0,0,0,0,0,0,0,0,0,0,0,3000000.0,6900.0
tt0455944,movie,The Equalizer,The Equalizer,0,2014,\N,132,1,0,0,0,0,1,0,0,0,0,0,0,0,0,0,0,0,0,1,0,0,55000000.0,34137828.0
tt0455957,movie,Goya's Ghosts,Goya's Ghosts,0,2006,\N,113,0,0,0,1,0,0,0,1,0,0,1,0,0,0,0,0,0,0,0,0,0,50000000.0,159671.0
tt0455967,movie,John Tucker Must Die,John Tucker Must Die,0,2006,\N,89,0,0,0,0,1,0,0,0,0,0,0,0,0,0,0,1,0,0,0,0,0,18000000.0,14276534.0
tt0456149,movie,The Death of Mr. Lazarescu,Moartea domnului Lãzãrescu,0,2005,\N,153,0,0,0,0,0,0,0,1,0,0,0,0,0,0,0,0,0,0,0,0,0,500000.0,5880.0
tt0456481,movie,Jaan-E-Mann: Let's Fall in Love... Again,Jaan-E-Mann: Let's Fall in Love... Again,0,2006,\N,165,0,0,0,0,0,0,0,1,0,0,0,0,1,1,0,1,0,0,0,0,0,2000000.0,210000.0
tt0457074,movie,Law of Corruption,Muzhskoy sezon. Barkhatnaya revolyutsiya,0,2005,\N,117,1,0,0,0,0,1,0,1,0,0,0,0,0,0,0,0,0,0,0,0,0,7000000.0,1990552.0
tt0457308,movie,Come Early Morning,Come Early Morning,0,2006,\N,97,0,0,0,0,0,0,0,1,0,0,0,0,0,0,0,1,0,0,0,0,0,6000000.0,50160.0
tt0457355,movie,From Mexico with Love,From Mexico with Love,0,2009,\N,96,1,0,0,0,0,0,0,1,0,0,0,0,0,0,0,0,0,0,0,0,0,3000000.0,332726.0
tt0457433,movie,Perfect Stranger,Perfect Stranger,0,2007,\N,109,0,0,0,0,0,1,0,0,0,0,0,0,0,0,1,0,0,0,1,0,0,60795000.0,11500000.0
tt0457530,movie,The Work and the Glory II: American Zion,The Work and the Glory II: American Zion,0,2005,\N,100,0,0,0,0,0,0,0,1,0,0,0,0,0,0,0,0,0,0,0,0,1,6500000.0,524698.0
tt0460611,movie,The Work and the Glory III: A House Divided,The Work and the Glory III: A House Divided,0,2006,\N,89,0,0,0,0,0,0,0,1,0,0,0,0,0,0,0,0,0,0,0,0,1,6500000.0,12803.0
tt0460780,movie,In the Name of the King: A Dungeon Siege Tale,In the Name of the King: A Dungeon Siege Tale,0,2007,\N,127,1,1,0,0,0,0,0,0,0,1,0,0,0,0,0,0,0,0,0,0,0,60000000.0,2984524.0
tt0460975,movie,Unidentified,Unidentified,0,2006,\N,85,0,0,0,0,0,0,0,0,0,0,0,0,0,0,0,0,1,0,0,0,0,600000.0,15915.0
tt0461770,movie,Enchanted,Enchanted,0,2007,\N,107,0,0,1,0,1,0,0,0,1,0,0,0,0,0,0,0,0,0,0,0,0,85000000.0,34440317.0
tt0462200,movie,Black Snake Moan,Black Snake Moan,0,2006,\N,116,0,0,0,0,0,0,0,1,0,0,0,0,1,0,0,0,0,0,0,0,0,15000000.0,4143199.0
tt0462229,movie,Code Name: The Cleaner,Code Name: The Cleaner,0,2007,\N,84,1,0,0,0,1,1,0,0,0,0,0,0,0,0,0,0,0,0,0,0,0,20000000.0,4244142.0
tt0462244,movie,Daddy Day Camp,Daddy Day Camp,0,2007,\N,89,0,0,0,0,1,0,0,0,1,0,0,0,0,0,0,0,0,0,0,0,0,6000000.0,3402678.0
tt0462322,movie,Grindhouse,Grindhouse,0,2007,\N,191,1,0,0,0,0,0,0,0,0,0,0,1,0,0,0,0,0,0,1,0,0,53000000.0,11596613.0
tt0462396,movie,The Last Legion,The Last Legion,0,2007,\N,102,1,1,0,0,0,0,0,0,0,1,0,0,0,0,0,0,0,0,0,0,0,35000000.0,2746312.0
tt0462504,movie,Rescue Dawn,Rescue Dawn,0,2006,\N,120,0,1,0,1,0,0,0,1,0,0,0,0,0,0,0,0,0,0,0,0,0,10000000.0,110326.0
tt0464098,movie,Loren Cass,Loren Cass,0,2006,\N,83,0,0,0,0,0,0,0,1,0,0,0,0,1,0,0,0,0,0,0,0,0,30000.0,2135.0
tt0464184,movie,Samoan Wedding,Sione's Wedding,0,2006,\N,97,0,0,0,0,1,0,0,0,0,0,0,0,0,0,0,1,0,0,0,0,0,2000000.0,15704.0
tt0465436,movie,December Boys,December Boys,0,2007,\N,105,0,0,0,0,0,0,0,1,0,0,0,0,0,0,0,1,0,0,0,0,0,4000000.0,15810.0
tt0465440,movie,Disappearances,Disappearances,0,2006,\N,118,1,1,0,0,0,0,0,1,0,0,0,0,0,0,0,0,0,0,0,0,0,1500000.0,32764.0
tt0465538,movie,Michael Clayton,Michael Clayton,0,2007,\N,119,0,0,0,0,0,1,0,1,0,0,0,0,0,0,0,0,0,0,1,0,0,25000000.0,719910.0
tt0465551,movie,Notes on a Scandal,Notes on a Scandal,0,2006,\N,92,0,0,0,0,0,1,0,1,0,0,0,0,0,0,0,1,0,0,0,0,0,15000000.0,5090.0
tt0465624,movie,My Super Ex-Girlfriend,My Super Ex-Girlfriend,0,2006,\N,95,0,0,0,0,1,0,0,0,0,0,0,0,0,0,0,1,1,0,0,0,0,30000000.0,8603460.0
tt0479073,movie,El inmigrante,El inmigrante,0,2005,\N,90,0,0,0,0,0,0,1,0,0,0,0,0,0,0,0,0,0,0,0,0,0,40000.0,1578.0
tt0486321,movie,Fly Me to the Moon 3D,Fly Me to the Moon,0,2008,\N,84,0,1,1,0,0,0,0,0,1,0,0,0,0,0,0,0,0,0,0,0,0,25000000.0,1900523.0
tt0486551,movie,Beerfest,Beerfest,0,2006,\N,110,0,0,0,0,1,0,0,0,0,0,0,0,0,0,0,0,0,0,0,0,0,17500000.0,7031228.0
tt0488478,movie,12,12,0,2007,\N,159,0,0,0,0,0,1,0,1,0,0,0,0,0,0,0,0,0,0,1,0,0,4000000.0,12042.0
tt0489282,movie,Strange Wilderness,Strange Wilderness,0,2008,\N,87,0,1,0,0,1,0,0,0,0,0,0,0,0,0,0,0,0,0,0,0,0,20000000.0,3001719.0
tt0498353,movie,Hostel: Part II,Hostel: Part II,0,2007,\N,94,0,0,0,0,0,0,0,0,0,0,0,1,0,0,0,0,0,0,1,0,0,10000000.0,8203391.0
tt0498380,movie,Letters from Iwo Jima,Letters from Iwo Jima,0,2006,\N,141,0,0,0,0,0,0,0,1,0,0,1,0,0,0,0,0,0,0,0,1,0,19000000.0,122548.0
tt0758794,movie,We Are Marshall,We Are Marshall,0,2006,\N,131,0,0,0,0,0,0,0,1,0,0,0,0,0,0,0,0,0,1,0,0,0,65000000.0,8582508.0
tt0762073,movie,Thirst,Bakjwi,0,2009,\N,133,0,0,0,0,0,0,0,1,0,1,0,1,0,0,0,0,0,0,0,0,0,5000000.0,55889.0
tt0780516,movie,Flawless,Flawless,0,2007,\N,108,0,0,0,0,0,1,0,1,0,0,0,0,0,0,0,0,0,0,1,0,0,20000000.0,181910.0
tt0785025,movie,Love's Abiding Joy,Love's Abiding Joy,0,2006,\N,87,0,0,0,0,0,0,0,1,1,0,0,0,0,0,0,0,0,0,0,0,1,3000000.0,42120.0
tt0791304,movie,Georgia Rule,Georgia Rule,0,2007,\N,113,0,0,0,0,1,0,0,1,0,0,0,0,0,0,0,0,0,0,0,0,0,20000000.0,6773870.0
tt0796366,movie,Star Trek,Star Trek,0,2009,\N,127,1,1,0,0,0,0,0,0,0,0,0,0,0,0,0,0,1,0,0,0,0,150000000.0,75204289.0
tt0800308,movie,Appaloosa,Appaloosa,0,2008,\N,115,0,0,0,0,0,1,0,1,0,0,0,0,0,0,0,1,0,0,0,0,0,20000000.0,248847.0
tt0811138,movie,The Love Guru,The Love Guru,0,2008,\N,87,0,0,0,0,1,0,0,0,0,0,0,0,0,0,0,1,0,1,0,0,0,62000000.0,13907130.0
tt0814022,movie,Bangkok Dangerous,Bangkok Dangerous,0,2008,\N,99,1,0,0,0,0,1,0,0,0,0,0,0,0,0,0,0,0,0,1,0,0,40000000.0,7783266.0
tt0814314,movie,Seven Pounds,Seven Pounds,0,2008,\N,123,0,0,0,0,0,0,0,1,0,0,0,0,0,0,0,1,0,0,0,0,0,55000000.0,14851136.0
tt0815182,movie,Irene in Time,Irene in Time,0,2009,\N,95,0,0,0,0,1,0,0,1,0,0,0,0,0,0,0,1,0,0,0,0,0,2000000.0,9332.0
tt0815236,movie,She's Out of My League,She's Out of My League,0,2010,\N,104,0,0,0,0,1,0,0,0,0,0,0,0,0,0,0,1,0,0,0,0,0,20000000.0,9775278.0
tt0815241,movie,Religulous,Religulous,0,2008,\N,101,0,0,0,0,1,0,1,0,0,0,0,0,0,0,0,0,0,0,0,1,0,2500000.0,3409643.0
tt0816442,movie,The Book Thief,The Book Thief,0,2013,\N,131,0,0,0,0,0,0,0,1,0,0,0,0,0,0,0,0,0,0,0,1,0,19000000.0,4864861.0
tt0816462,movie,Conan the Barbarian,Conan the Barbarian,0,2011,\N,113,1,1,0,0,0,0,0,0,0,1,0,0,0,0,0,0,0,0,0,0,0,90000000.0,10021215.0
tt0816692,movie,Interstellar,Interstellar,0,2014,\N,169,0,1,0,0,0,0,0,1,0,0,0,0,0,0,0,0,1,0,0,0,0,165000000.0,47510360.0
tt0816711,movie,World War Z,World War Z,0,2013,\N,116,1,1,0,0,0,0,0,0,0,0,0,1,0,0,0,0,0,0,0,0,0,190000000.0,66411834.0
tt0817177,movie,Flipped,Flipped,0,2010,\N,90,0,0,0,0,1,0,0,1,0,0,0,0,0,0,0,1,0,0,0,0,0,14000000.0,224233.0
tt0817228,movie,The Tattooist,The Tattooist,0,2007,\N,92,0,0,0,0,0,0,0,0,0,0,0,1,0,0,0,0,0,0,1,0,0,3000000.0,141146.0
tt0817230,movie,Valentine's Day,Valentine's Day,0,2010,\N,125,0,0,0,0,1,0,0,0,0,0,0,0,0,0,0,1,0,0,0,0,0,52000000.0,63135312.0
tt0817538,movie,Drillbit Taylor,Drillbit Taylor,0,2008,\N,110,0,0,0,0,1,0,0,1,0,0,0,0,0,0,0,0,0,0,0,0,0,40000000.0,10309986.0
tt0817545,movie,The Power of Few,The Power of Few,0,2013,\N,96,1,0,0,0,0,1,0,1,0,0,0,0,0,0,0,0,0,0,0,0,0,4000000.0,9350.0
tt0818165,movie,The Alphabet Killer,The Alphabet Killer,0,2008,\N,98,0,0,0,0,0,1,0,0,0,0,0,0,0,0,1,0,0,0,1,0,0,2000000.0,11000.0
tt0819354,movie,10 Questions for the Dalai Lama,10 Questions for the Dalai Lama,0,2006,\N,86,0,0,0,0,0,0,1,0,0,0,0,0,0,0,0,0,0,0,0,0,0,100000.0,3234.0
tt0821462,movie,A Bloody Aria,Guta-yubalja-deul,0,2006,\N,115,1,0,0,0,0,0,0,1,0,0,0,1,0,0,0,0,0,0,0,0,0,2000000.0,249.0
tt0821642,movie,The Soloist,The Soloist,0,2009,\N,117,0,0,0,1,0,0,0,1,0,0,0,0,1,0,0,0,0,0,0,0,0,60000000.0,9716458.0
tt0822388,movie,Home,Home,0,2008,\N,84,0,0,0,0,0,0,0,1,0,0,0,0,0,0,0,0,0,0,0,0,0,500000.0,3922.0
tt0822832,movie,Marley & Me,Marley & Me,0,2008,\N,115,0,0,0,0,1,0,0,1,1,0,0,0,0,0,0,0,0,0,0,0,0,60000000.0,36367586.0
tt0822847,movie,Priest,Priest,0,2011,\N,87,1,0,0,0,0,0,0,0,0,1,0,1,0,0,0,0,0,0,0,0,0,60000000.0,14953664.0
tt0822854,movie,Shooter,Shooter,0,2007,\N,124,1,0,0,0,0,1,0,1,0,0,0,0,0,0,0,0,0,0,0,0,0,61000000.0,14523571.0
tt0825232,movie,The Bucket List,The Bucket List,0,2007,\N,97,0,1,0,0,1,0,0,1,0,0,0,0,0,0,0,0,0,0,0,0,0,45000000.0,582534.0
tt0826756,movie,Watercolors,Watercolors,0,2008,\N,114,0,0,0,0,0,0,0,1,0,0,0,0,0,0,0,1,0,0,0,0,0,1200000.0,3207.0
tt0829459,movie,A Mighty Heart,A Mighty Heart,0,2007,\N,108,0,0,0,1,0,0,0,1,0,0,1,0,0,0,0,0,0,0,0,0,0,16000000.0,3948863.0
tt0830199,movie,Romeo & Juliet: Sealed with a Kiss,Romeo & Juliet: Sealed with a Kiss,0,2005,\N,76,0,0,1,0,0,0,0,0,1,0,0,0,0,0,0,1,0,0,0,0,0,2000000.0,80938.0
tt0831887,movie,The Spirit,The Spirit,0,2008,\N,103,1,0,0,0,0,1,0,0,0,1,0,0,0,0,0,0,0,0,0,0,0,60000000.0,6463278.0
tt0838221,movie,The Darjeeling Limited,The Darjeeling Limited,0,2007,\N,91,0,1,0,0,1,0,0,1,0,0,0,0,0,0,0,0,0,0,0,0,0,17500000.0,1761335.0
tt0838232,movie,The Pink Panther 2,The Pink Panther 2,0,2009,\N,92,0,1,0,0,1,1,0,0,0,0,0,0,0,0,0,0,0,0,0,0,0,70000000.0,11588150.0
tt0838247,movie,After.Life,After.Life,0,2009,\N,104,0,0,0,0,0,0,0,1,0,0,0,1,0,0,1,0,0,0,0,0,0,4500000.0,59946.0
tt0838283,movie,Step Brothers,Step Brothers,0,2008,\N,98,0,0,0,0,1,0,0,0,0,0,0,0,0,0,0,0,0,0,0,0,0,65000000.0,30940732.0
tt0843876,movie,The Strip,The Strip,0,2009,\N,91,0,0,0,0,1,0,0,0,0,0,0,0,0,0,0,0,0,0,0,0,0,1200000.0,5107.0
tt0844479,movie,The Collector,The Collector,0,2009,\N,90,0,0,0,0,0,0,0,0,0,0,0,1,0,0,0,0,0,0,0,0,0,6000000.0,3576296.0
tt0849480,movie,Transformation: The Life and Legacy of Werner Erhard,Transformation: The Life and Legacy of Werner Erhard,0,2006,\N,62,0,0,0,1,0,0,1,0,0,0,0,0,0,0,0,0,0,0,0,0,0,300000.0,25460.0
tt0859163,movie,The Mummy: Tomb of the Dragon Emperor,The Mummy: Tomb of the Dragon Emperor,0,2008,\N,112,1,1,0,0,0,0,0,0,0,1,0,0,0,0,0,0,0,0,0,0,0,145000000.0,40457770.0
tt0861704,movie,Emotional Arithmetic,Emotional Arithmetic,0,2007,\N,99,0,0,0,0,0,0,0,1,0,0,0,0,0,0,0,0,0,0,0,0,0,6800000.0,204558.0
tt0865554,movie,The Informers,The Informers,0,2008,\N,98,0,0,0,0,0,1,0,1,0,0,0,0,0,0,0,0,0,0,1,0,0,18000000.0,300000.0
tt0889588,movie,The Children of Huang Shi,The Children of Huang Shi,0,2008,\N,125,0,0,0,0,0,0,0,1,0,0,0,0,0,0,0,0,0,0,0,1,0,40000000.0,55760.0
tt0891527,movie,Lions for Lambs,Lions for Lambs,0,2007,\N,92,0,0,0,0,0,0,0,1,0,0,0,0,0,0,0,0,0,0,1,1,0,35000000.0,6702434.0
tt0892255,movie,Che: Part One,Che: Part One,0,2008,\N,134,0,0,0,1,0,0,0,1,0,0,1,0,0,0,0,0,0,0,0,0,0,35000000.0,61070.0
tt0892318,movie,Letters to Juliet,Letters to Juliet,0,2010,\N,105,0,1,0,0,1,0,0,1,0,0,0,0,0,0,0,0,0,0,0,0,0,30000000.0,13540486.0
tt0893509,movie,Blonde and Blonder,Blonde and Blonder,0,2007,\N,95,0,0,0,0,1,1,0,0,0,0,0,0,0,0,0,0,0,0,0,0,0,8000000.0,26815.0
tt0896798,movie,Cleaner,Cleaner,0,2007,\N,88,0,0,0,0,0,1,0,0,0,0,0,0,0,0,1,0,0,0,1,0,0,25000000.0,20181.0
tt0899106,movie,Love Happens,Love Happens,0,2009,\N,109,0,0,0,0,0,0,0,1,0,0,0,0,0,0,0,1,0,0,0,0,0,18000000.0,8057010.0
tt0903943,movie,The End of Poverty?,The End of Poverty?,0,2008,\N,106,0,0,0,0,0,0,1,0,0,0,0,0,0,0,0,0,0,0,0,0,0,1000000.0,12593.0
tt0910970,movie,WALL·E,WALL·E,0,2008,\N,98,0,1,1,0,0,0,0,0,1,0,0,0,0,0,0,0,0,0,0,0,0,180000000.0,63087526.0
tt0929760,movie,Hollywood Familia,Hollywood Familia,0,2006,\N,105,0,0,0,0,1,0,0,0,0,0,0,0,0,0,0,0,0,0,0,0,0,1000000.0,45300.0
tt0938341,movie,Tokyo Sonata,Tokyo Sonata,0,2008,\N,120,0,0,0,0,0,0,0,1,0,0,0,0,0,0,0,0,0,0,0,0,0,2500000.0,28345.0
tt0939681,movie,What Would Jesus Buy?,What Would Jesus Buy?,0,2007,\N,91,0,0,0,0,1,0,1,0,0,0,0,0,0,0,0,0,0,0,0,0,0,2000000.0,9527.0
tt0948470,movie,The Amazing Spider-Man,The Amazing Spider-Man,0,2012,\N,136,1,1,0,0,0,0,0,0,0,0,0,0,0,0,0,0,0,0,0,0,0,230000000.0,62004688.0
tt0949731,movie,The Happening,The Happening,0,2008,\N,91,0,0,0,0,0,0,0,0,0,0,0,0,0,0,0,0,1,0,1,0,0,48000000.0,30517109.0
tt0955308,movie,Robin Hood,Robin Hood,0,2010,\N,140,1,1,0,0,0,0,0,1,0,0,0,0,0,0,0,0,0,0,0,0,0,200000000.0,36063385.0
tt0960066,movie,The Black Waters of Echo's Pond,The Black Waters of Echo's Pond,0,2009,\N,89,0,0,0,0,0,0,0,0,0,1,0,1,0,0,0,0,0,0,1,0,0,5000000.0,224409.0
tt0960098,movie,Winter of Frozen Dreams,Winter of Frozen Dreams,0,2009,\N,92,0,0,0,0,0,1,0,1,0,0,0,0,0,0,0,0,0,0,0,0,0,1000000.0,1584.0
tt0960144,movie,You Don't Mess with the Zohan,You Don't Mess with the Zohan,0,2008,\N,113,1,0,0,0,1,0,0,0,0,0,0,0,0,0,0,0,0,0,0,0,0,90000000.0,38531374.0
tt0960741,movie,The Canyon,The Canyon,0,2009,\N,102,0,0,0,0,0,0,0,0,0,0,0,0,0,0,0,0,0,0,1,0,0,10000000.0,1785.0
tt0962711,movie,The Objective,The Objective,0,2008,\N,90,0,0,0,0,0,0,0,0,0,0,0,1,0,0,0,0,1,0,1,0,0,4000000.0,95.0
tt0962726,movie,High School Musical 3: Senior Year,High School Musical 3: Senior Year,0,2008,\N,112,0,0,0,0,1,0,0,1,1,0,0,0,0,0,0,0,0,0,0,0,0,11000000.0,42030184.0
tt0992911,movie,Flash Point,Dou fo sin,0,2007,\N,88,1,0,0,0,0,1,0,0,0,0,0,0,0,0,0,0,0,0,1,0,0,8000000.0,3271.0
tt0993842,movie,Hanna,Hanna,0,2011,\N,111,1,0,0,0,0,0,0,1,0,0,0,0,0,0,0,0,0,0,1,0,0,30000000.0,12370549.0
tt0995039,movie,Ghost Town,Ghost Town,0,2008,\N,102,0,0,0,0,1,0,0,1,0,1,0,0,0,0,0,0,0,0,0,0,0,20000000.0,5012315.0
tt0995752,movie,Tashan,Tashan,0,2008,\N,120,1,0,0,0,0,0,0,1,0,0,0,0,0,0,0,1,0,0,0,0,0,8247000.0,301226.0
tt1001508,movie,He's Just Not That Into You,He's Just Not That Into You,0,2009,\N,129,0,0,0,0,1,0,0,1,0,0,0,0,0,0,0,1,0,0,0,0,0,40000000.0,27785487.0
tt1001540,movie,Perestroika,Perestroika,0,2009,\N,116,0,0,0,0,0,0,0,1,0,0,0,0,0,0,0,0,0,0,0,0,0,2000000.0,3532.0
tt1001562,movie,Witless Protection,Witless Protection,0,2008,\N,97,0,0,0,0,1,1,0,0,0,0,0,0,0,0,0,0,0,0,0,0,0,7500000.0,2116692.0
tt1002563,movie,The Young Messiah,The Young Messiah,0,2016,\N,111,0,0,0,0,0,0,0,1,0,0,0,0,0,0,0,0,0,0,0,0,0,18500000.0,3294876.0
tt1007029,movie,The Iron Lady,The Iron Lady,0,2011,\N,105,0,0,0,1,0,0,0,1,0,0,0,0,0,0,0,0,0,0,0,0,0,13000000.0,220409.0
tt1010048,movie,Slumdog Millionaire,Slumdog Millionaire,0,2008,\N,120,0,0,0,0,0,0,0,1,0,0,0,0,0,0,0,0,0,0,0,0,0,15000000.0,360018.0
tt1013752,movie,Fast & Furious,Fast & Furious,0,2009,\N,107,1,0,0,0,0,1,0,0,0,0,0,0,0,0,0,0,0,0,1,0,0,85000000.0,70950500.0
tt1013753,movie,Milk,Milk,0,2008,\N,128,0,0,0,1,0,0,0,1,0,0,1,0,0,0,0,0,0,0,0,0,0,20000000.0,1481155.0
tt1013860,movie,Dylan Dog: Dead of Night,Dylan Dog: Dead of Night,0,2010,\N,107,1,0,0,0,1,1,0,0,0,0,0,0,0,0,0,0,0,0,0,0,0,20000000.0,754779.0
tt1014763,movie,Child 44,Child 44,0,2015,\N,137,0,0,0,0,0,1,0,1,0,0,0,0,0,0,0,0,0,0,1,0,0,50000000.0,621812.0
tt1014775,movie,Beverly Hills Chihuahua,Beverly Hills Chihuahua,0,2008,\N,91,0,1,0,0,1,0,0,1,0,0,0,0,0,0,0,0,0,0,0,0,0,20000000.0,29300465.0
tt1016075,movie,Fame,Fame,0,2009,\N,107,0,0,0,0,1,0,0,1,0,0,0,0,1,1,0,0,0,0,0,0,0,18000000.0,10011682.0
tt1017460,movie,Splice,Splice,0,2009,\N,104,0,0,0,0,0,0,0,1,0,0,0,1,0,0,0,0,1,0,0,0,0,26000000.0,7385277.0
tt1018765,movie,Our Brand Is Crisis,Our Brand Is Crisis,0,2015,\N,107,0,0,0,0,1,0,0,1,0,0,0,0,0,0,0,0,0,0,0,0,0,28000000.0,3238433.0
tt1020072,movie,Selma,Selma,0,2014,\N,128,0,0,0,1,0,0,0,1,0,0,1,0,0,0,0,0,0,0,0,0,0,20000000.0,11307394.0
tt1020936,movie,August Evening,August Evening,0,2007,\N,128,0,0,0,0,0,0,0,1,0,0,0,0,0,0,0,0,0,0,0,0,0,35000.0,3242.0
tt1031969,movie,The Rocker,The Rocker,0,2008,\N,102,0,0,0,0,1,0,0,0,0,0,0,0,1,0,0,0,0,0,0,0,0,15000000.0,2636048.0
tt1034306,movie,Dorothy Mills,Dorothy Mills,0,2008,\N,102,0,0,0,0,0,0,0,1,0,0,0,1,0,0,1,0,0,0,0,0,0,500000.0,2498.0
tt1035731,movie,Dare Not Walk Alone,Dare Not Walk Alone,0,2006,\N,83,0,0,0,0,0,0,1,0,0,0,0,0,0,0,0,0,0,0,0,0,0,120000.0,9259.0
tt1037705,movie,The Book of Eli,The Book of Eli,0,2010,\N,118,1,1,0,0,0,0,0,1,0,0,0,0,0,0,0,0,0,0,0,0,0,80000000.0,38437553.0
tt1038686,movie,Legion,Legion,0,2010,\N,100,1,0,0,0,0,0,0,0,0,1,0,1,0,0,0,0,0,0,0,0,0,26000000.0,17501625.0
tt1041753,movie,Harold,Harold,0,2008,\N,90,0,0,0,0,1,0,0,0,0,0,0,0,0,0,0,0,0,0,0,0,0,3500000.0,10578.0
tt1045772,movie,I Love You Phillip Morris,I Love You Phillip Morris,0,2009,\N,98,0,0,0,1,1,1,0,0,0,0,0,0,0,0,0,0,0,0,0,0,0,13000000.0,112520.0
tt1049413,movie,Up,Up,0,2009,\N,96,0,1,1,0,1,0,0,0,0,0,0,0,0,0,0,0,0,0,0,0,0,175000000.0,68108790.0
tt1079360,movie,The Girl from the Naked Eye,The Girl from the Naked Eye,0,2012,\N,84,1,0,0,0,0,1,0,0,0,0,0,0,0,0,1,0,0,0,0,0,0,1100000.0,10185.0
tt1079964,movie,Happiness Runs,Happiness Runs,0,2010,\N,88,0,0,0,0,0,0,0,1,0,0,0,0,0,0,0,0,0,0,0,0,0,1200000.0,2674.0
tt1086772,movie,Blended,Blended,0,2014,\N,117,0,0,0,0,1,0,0,0,0,0,0,0,0,0,0,1,0,0,0,0,0,40000000.0,18185000.0
tt1087431,movie,Born Into Mafia,Born Into Mafia,0,2007,\N,78,1,0,0,0,0,1,0,0,0,0,0,0,0,0,0,0,0,0,1,0,0,200000.0,50000.0
tt1087527,movie,Trucker,Trucker,0,2008,\N,90,0,0,0,0,0,0,0,1,0,0,0,0,0,0,0,0,0,0,0,0,0,2000000.0,7298.0
tt1109624,movie,Paddington,Paddington,0,2014,\N,95,0,1,1,0,1,0,0,0,0,0,0,0,0,0,0,0,0,0,0,0,0,55000000.0,25205000.0
tt1135084,movie,Takers,Takers,0,2010,\N,107,1,0,0,0,0,1,0,0,0,0,0,0,0,0,0,0,0,0,1,0,0,20000000.0,20512304.0
tt1148200,movie,Chain Letter,Chain Letter,0,2009,\N,88,0,0,0,0,0,0,0,0,0,0,0,1,0,0,0,0,0,0,1,0,0,5000000.0,143000.0
tt1151922,movie,Miss March,Miss March,0,2009,\N,90,0,0,0,0,1,0,0,0,0,0,0,0,0,0,0,1,0,0,0,0,0,6000000.0,2409156.0
tt1161864,movie,The Rite,The Rite,0,2011,\N,114,0,0,0,0,0,0,0,1,0,0,0,1,0,0,1,0,0,0,0,0,0,37000000.0,14789393.0
tt1170358,movie,The Hobbit: The Desolation of Smaug,The Hobbit: The Desolation of Smaug,0,2013,\N,161,0,1,0,0,0,0,0,0,0,1,0,0,0,0,0,0,0,0,0,0,0,225000000.0,73645197.0
tt1171222,movie,Baggage Claim,Baggage Claim,0,2013,\N,96,0,0,0,0,1,0,0,0,0,0,0,0,0,0,0,0,0,0,0,0,0,8500000.0,9031102.0
tt1172049,movie,Demolition,Demolition,0,2015,\N,101,0,0,0,0,1,0,0,1,0,0,0,0,0,0,0,0,0,0,0,0,0,10000000.0,1098290.0
tt1193516,movie,Recep Ivedik,Recep Ivedik,0,2008,\N,90,0,0,0,0,1,0,0,0,0,0,0,0,0,0,0,0,0,0,0,0,0,500000.0,5330000.0
tt1211837,movie,Doctor Strange,Doctor Strange,0,2016,\N,115,1,1,0,0,0,0,0,0,0,1,0,0,0,0,0,0,0,0,0,0,0,165000000.0,85058311.0
tt1272878,movie,2 Guns,2 Guns,0,2013,\N,109,1,0,0,0,1,1,0,0,0,0,0,0,0,0,0,0,0,0,0,0,0,61000000.0,27059130.0
tt1273219,movie,The Last Film Festival,The Last Film Festival,0,2016,\N,90,0,0,0,0,1,0,0,0,0,0,0,0,0,0,0,0,0,0,0,0,0,650000.0,70.0
tt1274300,movie,The Tempest,The Tempest,0,2010,\N,110,0,0,0,0,1,0,0,1,0,1,0,0,0,0,0,0,0,0,0,0,0,20000000.0,42436.0
tt1284575,movie,Bad Teacher,Bad Teacher,0,2011,\N,92,0,0,0,0,1,0,0,0,0,0,0,0,0,0,0,0,0,0,0,0,0,20000000.0,31603106.0
tt1285016,movie,The Social Network,The Social Network,0,2010,\N,120,0,0,0,1,0,0,0,1,0,0,0,0,0,0,0,0,0,0,0,0,0,40000000.0,22445653.0
tt1285217,movie,Deadfall Trail,Deadfall Trail,0,2009,\N,98,0,0,0,0,0,0,0,0,0,0,0,1,0,0,0,0,0,0,1,0,0,100000.0,7430.0
tt1285241,movie,Don 2,Don 2,0,2011,\N,148,1,0,0,0,0,1,0,0,0,0,0,0,0,0,0,0,0,0,1,0,0,16700000.0,2600000.0
tt1285252,movie,Allah Made Me Funny: Live in Concert,Allah Made Me Funny: Live in Concert,0,2008,\N,83,0,0,0,0,1,0,1,0,1,0,0,0,0,0,0,0,0,0,0,0,0,10000.0,38867.0
tt1285309,movie,The Joneses,The Joneses,0,2009,\N,96,0,0,0,0,0,0,0,1,0,0,0,0,0,0,0,0,0,0,0,0,0,5000000.0,509689.0
tt1287468,movie,Cats & Dogs: The Revenge of Kitty Galore,Cats & Dogs: The Revenge of Kitty Galore,0,2010,\N,82,1,0,0,0,1,0,0,0,1,0,0,0,0,0,0,0,0,0,0,0,0,85000000.0,12279363.0
tt1288558,movie,Evil Dead,Evil Dead,0,2013,\N,91,0,0,0,0,0,0,0,0,0,1,0,1,0,0,0,0,0,0,1,0,0,17000000.0,25775847.0
tt1289406,movie,Harry Brown,Harry Brown,0,2009,\N,103,1,0,0,0,0,1,0,1,0,0,0,0,0,0,0,0,0,0,0,0,0,7300000.0,173353.0
tt1291150,movie,Teenage Mutant Ninja Turtles,Teenage Mutant Ninja Turtles,0,2014,\N,101,1,1,0,0,1,0,0,0,0,0,0,0,0,0,0,0,0,0,0,0,0,125000000.0,65575105.0
tt1291549,movie,Meet Monica Velour,Meet Monica Velour,0,2010,\N,96,0,0,0,0,1,0,0,1,0,0,0,0,0,0,0,1,0,0,0,0,0,5000000.0,7438.0
tt1292566,movie,How to Be Single,How to Be Single,0,2016,\N,110,0,0,0,0,1,0,0,0,0,0,0,0,0,0,0,1,0,0,0,0,0,38000000.0,18750000.0
tt1292655,movie,The River Within,The River Within,0,2009,\N,102,0,0,0,0,0,0,0,1,1,0,0,0,0,0,0,0,0,0,0,0,0,40000.0,9810.0
tt1293847,movie,xXx: Return of Xander Cage,xXx: Return of Xander Cage,0,2017,\N,107,1,1,0,0,0,0,0,0,0,0,0,0,0,0,0,0,0,0,1,0,0,85000000.0,20130142.0
tt1294164,movie,Fuel,Fuel,0,2008,\N,112,0,0,0,0,0,0,1,0,0,0,0,0,0,0,0,0,0,0,0,0,0,2500000.0,12386.0
tt1294213,movie,Solitary Man,Solitary Man,0,2009,\N,90,0,0,0,0,1,0,0,1,0,0,0,0,0,0,0,1,0,0,0,0,0,15000000.0,94936.0
tt1305583,movie,Our Family Wedding,Our Family Wedding,0,2010,\N,103,0,0,0,0,1,0,0,0,0,0,0,0,0,0,0,1,0,0,0,0,0,14000000.0,7629862.0
tt1305591,movie,Mars Needs Moms,Mars Needs Moms,0,2011,\N,88,0,1,1,0,0,0,0,0,1,0,0,0,0,0,0,0,0,0,0,0,0,150000000.0,6914488.0
tt1305806,movie,The Secret in Their Eyes,El secreto de sus ojos,0,2009,\N,129,0,0,0,0,0,0,0,1,0,0,0,0,0,0,1,1,0,0,0,0,0,2000000.0,6652996.0
tt1307068,movie,Seeking a Friend for the End of the World,Seeking a Friend for the End of the World,0,2012,\N,101,0,1,0,0,1,0,0,1,0,0,0,0,0,0,0,0,0,0,0,0,0,10000000.0,3822803.0
tt1314228,movie,Did You Hear About the Morgans?,Did You Hear About the Morgans?,0,2009,\N,103,0,0,0,0,1,0,0,1,0,0,0,0,0,0,0,1,0,0,0,0,0,58000000.0,6616571.0
tt1315962,movie,Leaving,Partir,0,2009,\N,85,0,0,0,0,0,0,0,1,0,0,0,0,0,0,0,1,0,0,0,0,0,7600000.0,12697.0
tt1315981,movie,A Single Man,A Single Man,0,2009,\N,99,0,0,0,0,0,0,0,1,0,0,0,0,0,0,0,1,0,0,0,0,0,7000000.0,217332.0
tt1316616,movie,There Be Dragons,There Be Dragons,0,2011,\N,122,0,0,0,1,0,0,0,1,0,0,0,0,0,0,0,0,0,0,0,1,0,36000000.0,705537.0
tt1318514,movie,Rise of the Planet of the Apes,Rise of the Planet of the Apes,0,2011,\N,105,1,0,0,0,0,0,0,1,0,0,0,0,0,0,0,0,1,0,0,0,0,93000000.0,54806191.0
tt1320239,movie,Burke and Hare,Burke and Hare,0,2010,\N,91,0,0,0,0,1,0,0,0,0,0,0,0,0,0,0,0,0,0,1,0,0,10000000.0,947.0
tt1355644,movie,Passengers,Passengers,0,2016,\N,116,0,0,0,0,0,0,0,1,0,0,0,0,0,0,0,0,1,0,1,0,0,110000000.0,14869736.0
tt1392190,movie,Mad Max: Fury Road,Mad Max: Fury Road,0,2015,\N,120,1,1,0,0,0,0,0,0,0,0,0,0,0,0,0,0,1,0,0,0,0,150000000.0,45428128.0
tt1397280,movie,Taken 2,Taken 2,0,2012,\N,92,1,0,0,0,0,1,0,0,0,0,0,0,0,0,0,0,0,0,1,0,0,45000000.0,49514769.0
tt1398426,movie,Straight Outta Compton,Straight Outta Compton,0,2015,\N,147,0,0,0,1,0,0,0,1,0,0,1,0,0,0,0,0,0,0,0,0,0,28000000.0,56100000.0
tt1452628,movie,Vanishing on 7th Street,Vanishing on 7th Street,0,2010,\N,92,0,0,0,0,0,0,0,0,0,0,0,1,0,0,1,0,0,0,1,0,0,10000000.0,3428.0
tt1453405,movie,Monsters University,Monsters University,0,2013,\N,104,0,1,1,0,1,0,0,0,0,0,0,0,0,0,0,0,0,0,0,0,0,200000000.0,82429469.0
tt1454029,movie,The Help,The Help,0,2011,\N,146,0,0,0,0,0,0,0,1,0,0,0,0,0,0,0,0,0,0,0,0,0,25000000.0,26044590.0
tt1454468,movie,Gravity,Gravity,0,2013,\N,91,0,1,0,0,0,0,0,1,0,0,0,0,0,0,0,0,1,0,0,0,0,100000000.0,55785112.0
tt1455171,movie,Lawson: White Heat,Lawson: White Heat,0,2009,\N,90,1,0,0,0,1,0,0,0,0,0,0,0,0,0,0,0,0,0,0,0,0,2000.0,3000.0
tt1457767,movie,The Conjuring,The Conjuring,0,2013,\N,112,0,0,0,0,0,0,0,0,0,0,0,1,0,0,1,0,0,0,1,0,0,20000000.0,41855326.0
tt1458169,movie,Kidnap,Kidnap,0,2017,\N,95,0,0,0,0,0,0,0,0,0,0,0,0,0,0,0,0,0,0,1,0,0,21000000.0,10016323.0
tt1458175,movie,The Next Three Days,The Next Three Days,0,2010,\N,133,0,0,0,0,0,1,0,1,0,0,0,0,0,0,0,1,0,0,0,0,0,35000000.0,6542779.0
tt1462041,movie,Dream House,Dream House,0,2011,\N,84,0,0,0,0,0,0,0,1,0,0,0,0,0,0,1,0,0,0,1,0,0,55000000.0,8129355.0
tt1462758,movie,Buried,Buried,0,2010,\N,95,0,0,0,0,0,0,0,1,0,0,0,0,0,0,1,0,0,0,1,0,0,3000000.0,100268.0
tt1462769,movie,The Odd Life of Timothy Green,The Odd Life of Timothy Green,0,2012,\N,105,0,0,0,0,1,0,0,1,1,0,0,0,0,0,0,0,0,0,0,0,0,25000000.0,10822903.0
tt1464174,movie,"Big Mommas: Like Father, Like Son","Big Mommas: Like Father, Like Son",0,2011,\N,107,1,0,0,0,1,1,0,0,0,0,0,0,0,0,0,0,0,0,0,0,0,32000000.0,19000000.0
tt1464191,movie,Decoding Annie Parker,Decoding Annie Parker,0,2013,\N,91,0,0,0,0,0,0,0,1,0,0,0,0,0,0,0,0,0,0,0,0,0,2000000.0,16781.0
tt1464540,movie,I Am Number Four,I Am Number Four,0,2011,\N,109,1,1,0,0,0,0,0,0,0,0,0,0,0,0,0,0,1,0,0,0,0,60000000.0,22755854.0
tt1466072,movie,William S. Burroughs: A Man Within,William S. Burroughs: A Man Within,0,2010,\N,87,0,0,0,0,0,0,1,0,0,0,0,0,0,0,0,0,0,0,0,0,0,160000.0,6510.0
tt1467391,movie,Spanish Movie,Spanish Movie,0,2009,\N,83,0,0,0,0,1,0,0,0,0,0,0,0,0,0,0,0,0,0,0,0,0,4200000.0,3249559.0
tt1468715,movie,Earth Day,Earth Day,0,2009,\N,101,0,0,0,0,1,0,0,0,0,0,0,1,0,0,0,0,0,0,0,0,0,10000.0,700.0
tt1470023,movie,MacGruber,MacGruber,0,2010,\N,90,1,0,0,0,1,0,0,0,0,0,0,0,0,0,0,1,0,0,0,0,0,10000000.0,4043495.0
tt1472584,movie,Max Steel,Max Steel,0,2016,\N,92,1,1,0,0,0,0,0,0,1,0,0,0,0,0,0,0,0,0,0,0,0,10000000.0,2182216.0
tt1477076,movie,Saw 3D: The Final Chapter,Saw 3D,0,2010,\N,90,0,0,0,0,0,0,0,0,0,0,0,1,0,0,1,0,0,0,0,0,0,20000000.0,24230123.0
tt1477715,movie,This Is It,This Is It,0,2009,\N,111,0,0,0,0,0,0,1,0,0,0,0,0,1,0,0,0,0,0,0,0,0,60000000.0,23234394.0
tt1478964,movie,Attack the Block,Attack the Block,0,2011,\N,88,1,0,0,0,1,0,0,0,0,0,0,0,0,0,0,0,1,0,0,0,0,13000000.0,137580.0
tt1483010,movie,Logan,Logan,0,2010,\N,94,0,0,0,0,1,0,0,1,1,0,0,0,0,0,0,0,0,0,0,0,0,135000.0,7137.0
tt1483013,movie,Oblivion,Oblivion,0,2013,\N,124,1,1,0,0,0,0,0,0,0,0,0,0,0,0,1,0,0,0,0,0,0,120000000.0,37054485.0
tt1483324,movie,At Middleton,At Middleton,0,2013,\N,99,0,0,0,0,1,0,0,0,0,0,0,0,0,0,0,1,0,0,0,0,0,2500000.0,3458.0
tt1484521,movie,30 Beats,30 Beats,0,2012,\N,88,0,0,0,0,1,0,0,0,0,0,0,0,0,0,0,1,0,0,0,0,0,1000000.0,8624.0
tt1487931,movie,Khumba,Khumba,0,2013,\N,85,0,1,1,0,0,0,0,0,1,0,0,0,0,0,0,0,0,0,0,0,0,20000000.0,1029.0
tt1489253,movie,The Phobos,Fobos. Klub strakha,0,2010,\N,78,0,0,0,0,0,0,0,0,0,0,0,1,0,0,0,0,0,0,1,0,0,2500000.0,4400.0
tt1570728,movie,"Crazy, Stupid, Love.","Crazy, Stupid, Love.",0,2011,\N,118,0,0,0,0,1,0,0,1,0,0,0,0,0,0,0,1,0,0,0,0,0,50000000.0,19104303.0
tt1583421,movie,G.I. Joe: Retaliation,G.I. Joe: Retaliation,0,2013,\N,110,1,1,0,0,0,0,0,0,0,0,0,0,0,0,0,0,1,0,0,0,0,130000000.0,40501814.0
tt1587310,movie,Maleficent,Maleficent,0,2014,\N,97,1,1,0,0,0,0,0,0,1,0,0,0,0,0,0,0,0,0,0,0,0,180000000.0,69431298.0
tt1592550,movie,Bushwick,Bushwick,0,2010,\N,72,1,0,0,0,0,1,0,1,0,0,0,0,0,0,0,0,0,0,0,0,0,84000.0,3200.0
tt1592873,movie,LOL,LOL,0,2012,\N,97,0,0,0,0,1,0,0,1,0,0,0,0,0,0,0,1,0,0,0,0,0,11000000.0,46500.0
tt1594562,movie,The Innkeepers,The Innkeepers,0,2011,\N,101,0,0,0,0,0,0,0,0,0,0,0,1,0,0,0,0,0,0,0,0,0,750000.0,29557.0
tt1606829,movie,The Other Dream Team,The Other Dream Team,0,2012,\N,89,0,0,0,0,0,0,1,0,0,0,0,0,0,0,0,0,0,1,0,0,0,500000.0,19821.0
tt1621045,movie,Think Like a Man,Think Like a Man,0,2012,\N,122,0,0,0,0,1,0,0,0,0,0,0,0,0,0,0,1,0,0,0,0,0,12000000.0,33000000.0
tt1623205,movie,Oz the Great and Powerful,Oz the Great and Powerful,0,2013,\N,130,0,1,0,0,0,0,0,0,1,1,0,0,0,0,0,0,0,0,0,0,0,215000000.0,79110453.0
tt1623288,movie,ParaNorman,ParaNorman,0,2012,\N,92,0,1,1,0,1,0,0,0,0,0,0,0,0,0,0,0,0,0,0,0,0,60000000.0,14087050.0
tt1628841,movie,Independence Day: Resurgence,Independence Day: Resurgence,0,2016,\N,120,1,1,0,0,0,0,0,0,0,0,0,0,0,0,0,0,1,0,0,0,0,165000000.0,41039944.0
tt1630038,movie,Fool for Love,De Mai tính,0,2010,\N,95,0,0,0,0,1,0,0,0,0,0,0,0,0,0,0,1,0,0,0,0,0,1500000.0,49313.0
tt1632708,movie,Friends with Benefits,Friends with Benefits,0,2011,\N,109,0,0,0,0,1,0,0,0,0,0,0,0,0,0,0,1,0,0,0,0,0,35000000.0,18622150.0
tt1634122,movie,Johnny English Reborn,Johnny English Reborn,0,2011,\N,101,1,1,0,0,1,0,0,0,0,0,0,0,0,0,0,0,0,0,0,0,0,45000000.0,3833300.0
tt1636826,movie,Project X,Project X,0,2012,\N,88,0,0,0,0,1,1,0,0,0,0,0,0,0,0,0,0,0,0,0,0,0,12000000.0,21051363.0
tt1637706,movie,Our Idiot Brother,Our Idiot Brother,0,2011,\N,90,0,0,0,0,1,0,0,1,0,0,0,0,0,0,0,0,0,0,0,0,0,5000000.0,7011631.0
tt1638355,movie,The Man from U.N.C.L.E.,The Man from U.N.C.L.E.,0,2015,\N,116,1,1,0,0,1,0,0,0,0,0,0,0,0,0,0,0,0,0,0,0,0,75000000.0,13535000.0
tt1640484,movie,Jumping the Broom,Jumping the Broom,0,2011,\N,112,0,0,0,0,1,0,0,1,0,0,0,0,0,0,0,0,0,0,0,0,0,6600000.0,15215487.0
tt1640680,movie,Armadillo,Armadillo,0,2010,\N,105,0,0,0,0,0,0,1,0,0,0,0,0,0,0,0,0,0,0,0,1,0,1500000.0,3958.0
tt1641841,movie,Skin Trade,Skin Trade,0,2014,\N,96,1,0,0,0,0,1,0,0,0,0,0,0,0,0,0,0,0,0,1,0,0,9000000.0,162.0
tt1646971,movie,How to Train Your Dragon 2,How to Train Your Dragon 2,0,2014,\N,102,1,1,1,0,0,0,0,0,0,0,0,0,0,0,0,0,0,0,0,0,0,145000000.0,49451322.0
tt1647668,movie,Million Dollar Arm,Million Dollar Arm,0,2014,\N,124,0,0,0,1,0,0,0,1,0,0,0,0,0,0,0,0,0,1,0,0,0,25000000.0,10511000.0
tt1647692,movie,Yaroslav. Tysyachu let nazad,Yaroslav. Tysyachu let nazad,0,2010,\N,100,1,0,0,1,0,0,0,1,0,0,0,0,0,0,0,0,0,0,0,0,0,5000000.0,1700000.0
tt1648179,movie,Here Comes the Boom,Here Comes the Boom,0,2012,\N,105,1,0,0,0,1,0,0,0,0,0,0,0,0,0,0,0,0,1,0,0,0,42000000.0,11816596.0
tt1650062,movie,Super 8,Super 8,0,2011,\N,112,0,0,0,0,0,0,0,0,0,0,0,0,0,0,1,0,1,0,1,0,0,50000000.0,35451168.0
tt1650554,movie,Kick-Ass 2,Kick-Ass 2,0,2013,\N,103,1,0,0,0,1,1,0,0,0,0,0,0,0,0,0,0,0,0,0,0,0,28000000.0,13332955.0
tt1655461,movie,Wild Oats,Wild Oats,0,2016,\N,86,1,1,0,0,1,0,0,0,0,0,0,0,0,0,0,0,0,0,0,0,0,10000000.0,21554.0
tt1674784,movie,Trespass,Trespass,0,2011,\N,91,0,0,0,0,0,1,0,0,0,0,0,0,0,0,0,0,0,0,1,0,0,35000000.0,16816.0
tt1690540,movie,Bro',Bro',0,2012,\N,89,1,0,0,0,0,1,0,1,0,0,0,0,0,0,0,0,0,0,0,0,0,700000.0,6000.0
tt1709654,movie,Citizen Gangster,Edwin Boyd,0,2011,\N,105,0,0,0,0,0,1,0,1,0,0,0,0,0,0,0,0,0,0,0,0,0,5000000.0,625.0
tt1712170,movie,Alex Cross,Alex Cross,0,2012,\N,101,1,0,0,0,0,1,0,0,0,0,0,0,0,0,1,0,0,0,0,0,0,35000000.0,11396768.0
tt1714209,movie,In the Land of Blood and Honey,In the Land of Blood and Honey,0,2011,\N,127,0,0,0,0,0,0,0,1,0,0,0,0,0,0,0,1,0,0,0,1,0,13000000.0,9479.0
tt1742336,movie,Your Sister's Sister,Your Sister's Sister,0,2011,\N,90,0,0,0,0,1,0,0,1,0,0,0,0,0,0,0,0,0,0,0,0,0,125000.0,109221.0
tt1747958,movie,Blood Ties,Blood Ties,0,2013,\N,127,0,0,0,0,0,1,0,1,0,0,0,0,0,0,0,0,0,0,1,0,0,25500000.0,26912.0
tt1748122,movie,Moonrise Kingdom,Moonrise Kingdom,0,2012,\N,94,0,1,0,0,1,0,0,1,0,0,0,0,0,0,0,0,0,0,0,0,0,16000000.0,522996.0
tt1748199,movie,Silver Circle,Silver Circle,0,2013,\N,90,0,0,1,0,0,0,0,0,0,0,0,0,0,0,0,0,0,0,1,0,0,1600000.0,1314.0
tt1748227,movie,The Collection,The Collection,0,2012,\N,82,0,0,0,0,0,0,0,0,0,0,0,1,0,0,0,0,0,0,0,0,0,10000000.0,3104269.0
tt1753383,movie,A Dog's Purpose,A Dog's Purpose,0,2017,\N,100,0,1,0,0,1,0,0,1,0,0,0,0,0,0,0,0,0,0,0,0,0,22000000.0,18222810.0
tt1758575,movie,Blue Like Jazz,Blue Like Jazz,0,2012,\N,108,0,0,0,0,1,0,0,1,0,0,0,0,0,0,0,0,0,0,0,0,0,1200000.0,258653.0
tt1758610,movie,Unconditional,Unconditional,0,2012,\N,92,0,0,0,0,0,0,0,1,0,0,0,0,0,0,0,0,0,0,0,0,0,2000000.0,525192.0
tt1758692,movie,Like Crazy,Like Crazy,0,2011,\N,86,0,0,0,0,0,0,0,1,0,0,0,0,0,0,0,1,0,0,0,0,0,250000.0,123140.0
tt1758795,movie,The To Do List,The To Do List,0,2013,\N,104,0,0,0,0,1,0,0,0,0,0,0,0,0,0,0,1,0,0,0,0,0,1500000.0,1579402.0
tt1758830,movie,This Is 40,This Is 40,0,2012,\N,134,0,0,0,0,1,0,0,0,0,0,0,0,0,0,0,1,0,0,0,0,0,35000000.0,12030690.0
tt1761005,movie,Persecuted,Persecuted,0,2014,\N,91,1,0,0,0,0,0,0,1,0,0,0,0,0,0,1,0,0,0,0,0,0,1500000.0,851391.0
tt1762399,movie,Walking with Dinosaurs 3D,Walking with Dinosaurs 3D,0,2013,\N,87,0,1,1,0,0,0,0,0,1,0,0,0,0,0,0,0,0,0,0,0,0,80000000.0,7300000.0
tt1763264,movie,No One Lives,No One Lives,0,2012,\N,86,0,0,0,0,0,0,0,0,0,0,0,1,0,0,0,0,0,0,1,0,0,2900000.0,47798.0
tt1763303,movie,The First Time,The First Time,0,2012,\N,95,0,0,0,0,1,0,0,1,0,0,0,0,0,0,0,1,0,0,0,0,0,2000000.0,17061.0
tt1764183,movie,Arbitrage,Arbitrage,0,2012,\N,107,0,0,0,0,0,0,0,1,0,0,0,0,0,0,0,0,0,0,1,0,0,12000000.0,2002165.0
tt1764234,movie,Killing Them Softly,Killing Them Softly,0,2012,\N,97,0,0,0,0,0,1,0,0,0,0,0,0,0,0,0,0,0,0,1,0,0,15000000.0,6812900.0
tt1765729,movie,Brigada: Naslednik,Brigada: Naslednik,0,2012,\N,120,1,0,0,0,0,0,0,0,0,0,0,0,0,0,0,0,0,0,0,0,0,4500000.0,7882086.0
tt1767382,movie,Silent House,Silent House,0,2011,\N,86,0,0,0,0,0,0,0,1,0,0,0,1,0,0,1,0,0,0,0,0,0,2000000.0,6661234.0
tt1772230,movie,1911,Xin hai ge ming,0,2011,\N,121,1,1,0,0,0,0,0,1,0,0,0,0,0,0,0,0,0,0,0,0,0,18000000.0,55850.0
tt1772240,movie,Apollo 18,Apollo 18,0,2011,\N,86,0,0,0,0,0,0,0,0,0,0,0,1,0,0,1,0,1,0,0,0,0,5000000.0,8704271.0
tt1772424,movie,Where Do We Go Now?,Et maintenant on va où?,0,2011,\N,110,0,0,0,0,1,0,0,1,0,0,0,0,0,0,0,0,0,0,0,0,0,6700000.0,15382.0
tt1773109,movie,Yamla Pagla Deewana,Yamla Pagla Deewana,0,2011,\N,163,1,0,0,0,1,0,0,1,0,0,0,0,0,0,0,0,0,0,0,0,0,4340000.0,504116.0
tt1840309,movie,Divergent,Divergent,0,2014,\N,139,0,1,0,0,0,0,0,0,0,0,0,0,0,0,1,0,1,0,0,0,0,85000000.0,54607747.0
tt1935859,movie,Miss Peregrine's Home for Peculiar Children,Miss Peregrine's Home for Peculiar Children,0,2016,\N,127,0,1,0,0,0,0,0,1,1,0,0,0,0,0,0,0,0,0,0,0,0,110000000.0,28871140.0
tt1981128,movie,Geostorm,Geostorm,0,2017,\N,109,1,0,0,0,0,0,0,0,0,0,0,0,0,0,0,0,1,0,1,0,0,120000000.0,65807376.0
tt1992193,movie,Pandora's Promise,Pandora's Promise,0,2013,\N,87,0,0,0,0,0,0,1,0,0,0,0,0,0,0,0,0,0,0,0,0,0,1000000.0,22495.0
tt2072040,movie,All in the Game,All in the Game,0,2011,\N,75,1,0,0,0,0,1,0,1,0,0,0,0,0,0,0,0,0,0,0,0,0,1700.0,1143.0
tt2080374,movie,Steve Jobs,Steve Jobs,0,2015,\N,122,0,0,0,1,0,0,0,1,0,0,0,0,0,0,0,0,0,0,0,0,0,30000000.0,521522.0
tt2094890,movie,Mother of George,Mother of George,0,2013,\N,107,0,0,0,0,0,0,0,1,0,0,0,0,0,0,0,0,0,0,0,0,0,750000.0,30000.0
tt2106361,movie,Into the Storm,Into the Storm,0,2014,\N,89,1,0,0,0,0,0,0,0,0,0,0,0,0,0,0,0,0,0,1,0,0,50000000.0,18015000.0
tt2141751,movie,God Help the Girl,God Help the Girl,0,2014,\N,112,0,0,0,0,0,0,0,1,0,0,0,0,1,1,0,1,0,0,0,0,0,1850000.0,11330.0
tt2215755,movie,Whiskey Hollow,Whiskey Hollow,0,2012,\N,95,0,0,0,0,0,0,0,0,0,0,0,1,0,0,0,0,0,0,0,0,0,1000.0,2660.0
tt2217859,movie,Louder Than Bombs,Louder Than Bombs,0,2015,\N,109,0,0,0,0,0,0,0,1,0,0,0,0,0,0,0,0,0,0,0,0,0,11000000.0,24259.0
tt2218003,movie,Closed Circuit,Closed Circuit,0,2013,\N,96,0,0,0,0,0,1,0,1,0,0,0,0,0,0,1,0,0,0,0,0,0,15000000.0,3116885.0
tt2223990,movie,Draft Day,Draft Day,0,2014,\N,110,0,0,0,0,0,0,0,1,0,0,0,0,0,0,0,0,0,1,0,0,0,25000000.0,9783603.0
tt2224026,movie,Home,Home,0,2015,\N,94,0,1,1,0,1,0,0,0,0,0,0,0,0,0,0,0,0,0,0,0,0,135000000.0,52107731.0
tt2229499,movie,Don Jon,Don Jon,0,2013,\N,90,0,0,0,0,1,0,0,1,0,0,0,0,0,0,0,1,0,0,0,0,0,3000000.0,8677009.0
tt2235779,movie,The Quiet Ones,The Quiet Ones,0,2014,\N,98,0,0,0,0,0,0,0,0,0,0,0,1,0,0,0,0,0,0,0,0,0,200000.0,3880053.0
tt2238032,movie,Skiptrace,Jue di tao wang,0,2016,\N,107,1,1,0,0,1,0,0,0,0,0,0,0,0,0,0,0,0,0,0,0,0,32000000.0,58500000.0
tt2239822,movie,Valerian and the City of a Thousand Planets,Valerian and the City of a Thousand Planets,0,2017,\N,137,1,1,0,0,0,0,0,0,0,1,0,0,0,0,0,0,0,0,0,0,0,177200000.0,17007624.0
tt2239832,movie,Think Like a Man Too,Think Like a Man Too,0,2014,\N,106,0,0,0,0,1,0,0,0,0,0,0,0,0,0,0,1,0,0,0,0,0,24000000.0,29241911.0
tt2240046,movie,Pro Wrestlers vs Zombies,Pro Wrestlers vs Zombies,0,2014,\N,88,1,0,0,0,1,0,0,0,0,0,0,1,0,0,0,0,0,0,0,0,0,230000.0,8575.0
